Column,Segment,Mean,Variance,Skewness,Kurtosis,RMS,Zero Crossings,Delta (0.5-4Hz),Theta (4-8Hz),Alpha (8-13Hz),Beta (13-30Hz),Gamma (30-100Hz)
4.476,0,-0.2736543694666668,183.0450532635732,-0.12380125004376973,0.6151909444096231,13.532181641461271,235,54.56218705672488,47.87425203554226,11.867592030867442,7.630825161121954,0.009028984405860143
4.476,1,-0.11477298136833333,187.9304817516452,-0.05447583809331944,0.2013148674403613,13.709254341097381,237,50.70592121064456,52.985006532343334,12.206455280079382,9.439972419936883,0.010815544376242816
4.476,2,-0.09817188463500012,351.2120355080871,0.08320978495620186,1.0859145538326977,18.74090908219289,161,144.99901951813752,25.276292382638637,10.955885515971595,8.6407517480479,0.009260442785871171
4.476,3,0.2769494835,162.70784686536464,-0.09959895715772751,-0.0892812579591582,12.758704788565945,231,47.83039741337451,62.85430475623547,11.01349015892391,8.628477065954943,0.00996868953888
4.476,4,-0.1723033273850001,454.8569068840695,-0.847248561386361,1.996245349323158,21.32807059536088,184,98.48711207435476,46.20087975273253,11.984681135501694,6.8962937622983365,0.006142375903334651
13.99,0,-0.10768019925000029,204.28138551210165,0.3292576300421397,1.1548901659917528,14.293109547520167,211,67.52961337693583,27.666557298449643,8.162098424433688,5.89640417720512,0.1170602221670584
13.99,1,-0.23003049989666677,185.68019824144054,-0.035543551689645785,0.7122504489461523,13.628393605716091,207,59.2231332432405,30.341544664078448,5.549649983422045,4.325873717034808,0.10456457265649181
13.99,2,0.07829687806666671,245.8339074877787,-0.32232286138547,0.770658818865622,15.679286906262469,187,70.42444930629873,27.46309093212421,6.9531781052448345,5.019758370582237,0.19944527120742853
13.99,3,-0.010131676900000192,127.87792029346211,0.007215136803187085,0.499937583796763,11.308316538916786,214,45.172352097268075,21.30870709908801,6.2990389684659105,4.169375121100402,0.09532500460937628
13.99,4,0.23498547320333318,233.70484760672778,0.20496765646517073,-0.18780938462989472,15.289214034061539,181,82.59109326879991,43.907279189770875,8.29009167460992,4.683207027890377,0.11584073943941678
3.5258,0,-0.18821961785,97.94120598215304,0.13014085557532776,0.5257506843856823,9.8983146346586,521,16.4637461978905,13.785381116181899,29.85171931828819,27.08962327345654,0.35442016689392475
3.5258,1,-0.03206938296666666,93.82136833738609,0.1623047094996276,0.19402692217586326,9.686196197822444,519,16.768154182984233,15.622737783723863,21.686361240772147,26.56941914061738,0.3657904933744092
3.5258,2,0.17267938819666664,98.32927246190718,-0.05598372914445958,0.14554228108563816,9.917615168628755,489,23.42580122198631,16.780090596251938,23.26720144783861,21.12758867599458,0.35145179380461095
3.5258,3,0.059810456846666624,86.94955891621034,-0.06174210416675542,-0.0489527893660604,9.324866551697056,430,20.561568888087816,18.521078100355705,15.600377901724748,17.178429898100603,0.32701015628227764
3.5258,4,-0.015236904816666813,91.63389876099669,0.037770777579575164,0.030628674794023425,9.572571803035228,482,17.144459999328877,17.0637617656993,25.680242030985337,18.918115462527403,0.33617294237816325
5.0357,0,-0.07418145245499992,77.94963476291822,-0.11428331108507359,-0.3218626266020963,8.829220670637163,163,27.180589729655587,7.307114114371898,3.6723522023370876,1.7202892672361385,0.003759376782606825
5.0357,1,-0.3357005833500002,111.46734126527974,-0.15766744910839797,0.23194092560169244,10.563145182517435,154,41.055585007316175,9.345700164570214,3.9611199729292412,1.8468555397991708,0.0034718814919854407
5.0357,2,0.34844200961666655,148.16863560205257,-0.15081107664782353,0.8225722223706446,12.17744010193104,163,34.7278222119876,9.466528326591297,3.551370833464154,2.127974805071607,0.0036262703497442275
5.0357,3,0.19253277071666675,69.95215280733787,-0.09895638565760202,-0.061499858591135936,8.365956112431963,186,31.481136807362788,9.826884624180128,3.5340997616876595,1.9861914748582865,0.003911008423906585
5.0357,4,-0.3809009093333337,124.71751213482464,0.14458991816490627,-0.27295075367859134,11.174193377490637,135,40.62310264004846,14.330275108193511,3.7433275212991046,2.4524789687515356,0.007080919215299176
1.1724,0,0.02326363993333329,120.20672484172543,-0.23651893494915163,0.009932868424850305,10.963907425670302,251,34.87229193305315,30.341153347663713,16.812582592705006,2.6128616730344207,0.027868221391053553
1.1724,1,0.11265252795,90.1318533836758,-0.19581839987159677,-0.11650452364665487,9.494448060615705,261,34.91556493620698,30.51798606876799,13.709788046447448,2.4756711656538544,0.026819456777787663
1.1724,2,-0.002875487416666639,138.55797056456686,-0.0660153664597821,-0.0962893776486764,11.771065322773243,207,49.815798501859234,35.280562831219775,12.450642969419228,3.065452156334366,0.030260046852019096
1.1724,3,-0.15056597953500003,111.797516693748,-0.10235842343100335,-0.24407390454486588,10.574506456943572,228,43.46034797548161,27.291401330733528,12.280385378047454,2.8865291372453328,0.032046959637188864
1.1724,4,0.011324183800000033,114.1233545589741,-0.19038702323354265,-0.09596513028863729,10.682859298713657,239,42.398647112213375,27.88802527478716,11.199429730280897,3.0484453119340347,0.028856814735135926
-21.457,0,0.015407003146666928,296.9989690573039,-0.19968387095762855,0.6910577801741886,17.233664915886283,199,93.59791186317929,20.70586309058527,7.468284328109536,5.934223190082665,0.08956580453730255
-21.457,1,-0.4562854055166667,462.50341685839766,-0.29609080106922586,-0.06367793924174503,21.510732512624603,133,134.9287820182166,30.385373741683065,6.769809673911096,8.71621984091457,0.0984146661426804
-21.457,2,0.25436821421666683,257.9518385901233,-0.14611342010099138,0.0032353441840546893,16.06289331902964,165,84.38595548424797,17.61348267474091,5.724038198978025,5.391879193759746,0.06312877063585044
-21.457,3,-0.29329735663999995,295.046053087881,0.17807883428920437,-0.010750153214909464,17.179408500507023,144,98.94747195770677,16.81379975839798,5.906038378065574,4.906315201373747,0.07521256891861404
-21.457,4,0.8177801019600002,313.5298416239235,0.07278871245697978,-0.18533526774976128,17.72564825102555,129,92.78641273845075,23.24855544452402,5.796484358572411,4.678802017254259,0.07342671077812636
7.3113,0,0.00439093069999988,145.0376279895416,0.1894066959150951,0.16287636326187283,12.043157695131871,155,43.26899850944742,7.610401610900302,2.7901892305197284,2.7363844585275725,0.05804829683446857
7.3113,1,-0.2147116405518334,132.54009410227417,-0.5348303165150646,0.6390642202377261,11.51460790434753,173,36.9654636954386,8.441035062996312,3.622782264886428,2.970776258252816,0.06098447090627449
7.3113,2,-0.6675892298499999,233.85603243392956,-0.11891485292103299,1.2559971632260236,15.306916992449567,155,45.264212148874456,9.961355127602815,4.586690239409712,2.864503172255413,0.05690518449553085
7.3113,3,0.20265987428333368,314.4803101693233,0.009827301459098345,-0.20069928935796488,17.734750666247546,121,62.00009579903644,11.901536655702815,3.9853066408106668,3.485954288752412,0.06795097284050722
7.3113,4,0.6711226126833332,143.96351166523547,-0.05010541139183375,-0.3123991736654723,12.017234175403688,157,41.94936751955732,12.573758576394445,4.164538472632348,2.9284295959893445,0.07641275704419043
8.2681,0,-0.16035990678333326,113.7377167400775,-0.009864110738944451,-0.10891663429978715,10.665994188999967,189,48.08757899605633,9.710665785180021,4.745584456579157,3.6433166817344453,0.08611898125418899
8.2681,1,0.18879735653333335,123.02112867928017,0.06364377836838327,-0.08834983598101775,11.093095741095636,186,51.10565961758731,14.554964495355009,4.27228969539262,3.70971192590839,0.11330648811313712
8.2681,2,0.21116947869999997,147.879706605395,-0.22100586619620452,-0.028358829763894366,12.162413377045256,191,61.60047660429601,18.19395520419407,4.368131710340586,4.057438240472517,0.08275670519098167
8.2681,3,-0.14902285520000008,159.86880412300894,0.07904883325041252,-0.16328099419682252,12.644801775211066,169,51.32238083740351,18.48999953869866,4.804608686475092,3.8609940063913633,0.08639370586424634
8.2681,4,-0.10885548836666657,233.38820608232854,0.25551721726553533,1.531449610472543,15.277436159240727,159,59.92631394542073,9.554969741267756,4.350081215179817,2.6686249102896973,0.05986844376880987
0.35204,0,0.08364070878333345,99.86127909020179,-0.02587307697720532,-0.25450636860407094,9.993411572549565,206,36.950327597745016,15.576789577066194,3.6784364414060624,2.578652700685152,0.004565048920055078
0.35204,1,-0.05964302084666664,148.19845477980954,-0.03110657446270106,-0.21608300784112844,12.173824874284385,140,47.891624939640344,16.89386275492637,3.3980133074656287,2.5737238735105055,0.0036766167804841965
0.35204,2,-0.2550823809333333,130.6221238229822,-0.13393363804320235,-0.11144562284889004,11.431849843487482,144,41.41293345083127,14.874844321541875,2.9145727269141215,2.2563290227553483,0.004102376290545014
0.35204,3,0.4212928355833334,169.5837816402383,-0.08842847186544885,0.6698685264240107,13.029246689411945,147,57.07646291707895,16.87300526617926,3.749408669293637,2.503880641481821,0.0036077372452195987
0.35204,4,-0.24400310782333345,122.52355507687724,-0.12980598577530594,-0.03917470881921048,11.071724915003294,155,35.92344175558467,12.939891577743008,3.308001607707351,2.29024182768721,0.0037964643614796932
2.3088,0,0.18104165566666666,71.5276483401849,0.05579200560062841,0.06611478437917961,8.459339479017935,188,24.806471213857808,8.183124764630774,2.48121613211801,2.2914476553706917,0.04798033398959722
2.3088,1,-0.26954480331666664,94.88988632839882,-1.104922743388943,3.724185743728249,9.744872535307675,205,32.26147859558252,8.071479016955573,2.2639487828316187,2.74359805983929,0.048883730073366854
2.3088,2,0.28662248726833345,96.28919877699909,0.25864705868351834,0.3393826184548092,9.816891118231217,159,36.49043609098266,6.333456022453877,1.857215159506741,2.02923740949365,0.040572637196705494
2.3088,3,-0.014753895433333506,89.52529660492631,-0.08001408163275599,0.07069733163756942,9.461792339845383,164,35.74226677038385,8.712384187334695,2.020882111415162,2.2159790007382045,0.03889878364886482
2.3088,4,-0.1789290128333333,91.53218889139822,0.28827003436945303,0.22269289867706865,9.568918668430186,194,33.69664498406989,8.629685736706481,2.6427625564457875,2.7757387698178095,0.060555214482328194
0.43197,0,0.10933582360433328,79.60378574107936,-0.0008964905288174019,-0.32317284541637914,8.922765269993523,210,29.08484827687155,13.437296612141825,3.3736747844056723,3.193672190159447,0.0026817300553372645
0.43197,1,-0.058481259591333504,102.97810477082723,-0.23590841373314014,0.688792172996715,10.147981317905085,173,31.79493485470993,9.674345754290208,2.8223829921629005,3.227396586625756,0.003300127875199217
0.43197,2,-0.01907880156233339,60.15809587368367,-0.10200775091077759,-0.08794315304138944,7.756188488836043,220,26.000696511841177,10.010844593686251,2.6666643584609915,3.6266503196607385,0.0033220175107588784
0.43197,3,-0.03186143109133324,87.0815929128915,-0.3215991683107839,0.20170716156398116,9.33180625943781,211,39.97636382434895,11.607463864193008,2.4925458433485357,3.81655414181359,0.005626939385361781
0.43197,4,-0.10848849654999987,98.9296617532003,-0.10386650440172357,0.3540124093667032,9.946930758132579,216,33.72308938339265,10.607199233889883,2.7501307579174608,3.593283008632115,0.004489013607135648
4.2068,0,0.22012939203333318,28.16060709853756,0.1845136009667616,-0.06514420820244826,5.311220579845515,341,6.969981174808731,3.6315121573150333,1.7686726589850563,3.983425701632355,0.08490975955999354
4.2068,1,0.02033401313333337,30.34824707516178,-0.3343333168302079,0.48648517274820247,5.508961839335238,375,9.531008384367773,2.7704413832525177,1.7137938254166283,3.8764391981911657,0.06075453371614307
4.2068,2,-0.05994063788333329,35.764330714576154,-0.1398942958947459,0.20619175594347672,5.9806290300139855,322,9.286205193574059,4.666001678213796,1.931152101378519,4.525913540524382,0.07910596416895403
4.2068,3,-0.06237995464166673,31.110235840731775,-0.17416877156338637,0.9455908332717322,5.578003863343309,381,11.317584032955066,3.675015099986005,1.6440966016119578,4.102084280720154,0.08189739421988841
4.2068,4,0.025284905958333107,129.38961673057636,-0.4987466589405256,1.6354307752116615,11.374983782715724,238,29.806879734531087,6.111370564444461,2.4412764192536374,4.551257373734168,0.10848914822580681
0.96065,0,0.05685149020000007,67.72714820374492,-0.19006370454579913,-0.029131577327472957,8.229846918119613,348,22.210429772598133,12.245351977205628,6.4584122532525905,8.8046444789945,0.13074423769181318
0.96065,1,-0.1918664567000001,97.29467984119619,0.2447262468440396,0.04164850263626718,9.86567243417309,313,26.02356012526106,18.081581654439383,8.440498955420674,10.242049646135596,0.15488029911173024
0.96065,2,0.18243247788333325,62.12229290253221,0.07580548807795319,-0.18089595243318923,7.883880675880302,360,14.985405126217168,14.223732135603711,6.900196129992347,8.662155291064275,0.14949785537415042
0.96065,3,-0.11295150125000011,68.37619653629689,-0.02805917673205234,-0.15922660992472082,8.269761458345187,314,20.2889768016914,13.565486286234352,5.8309686265679215,7.599948076257866,0.09799271954657965
0.96065,4,0.1725872730166666,81.13011099597918,0.18558800207522072,-0.21602378008046186,9.00887880719829,299,27.76313186563488,16.1384203640712,7.579487958498017,6.763495599252674,0.11077879575388089
-5.3869,0,0.07645787521499967,206.00264235853325,-0.46094176232531076,1.480463476345819,14.352995790608162,141,90.04167661720145,9.43114405138255,3.617907545851448,2.1388217596208863,0.0027225234141639116
-5.3869,1,-0.3850533794000002,174.6615606167446,-0.26647979728741195,0.45921737737009183,13.221566727197347,144,74.4431650563216,10.853282182278623,4.183887630186704,2.6370883016436792,0.00243394431566004
-5.3869,2,0.5818892783166668,350.7200827063352,-0.8028901715874943,0.8763211237374651,18.736559925412003,104,151.31051633511353,12.188156886041545,3.6557174932657532,2.6910611772401793,0.003009545551442118
-5.3869,3,-0.2829956864999998,190.96472559480463,-0.12825833017924038,-0.4239420090449664,13.821896112812533,126,79.6083477713046,12.835536236520115,4.119750758150037,2.5048527618976366,0.00329650010139296
-5.3869,4,0.1400094735483336,172.97970139574454,-0.35065188405871983,0.45077367433302085,13.15291998183019,135,71.43255564469291,11.493301613546153,4.504090839545215,2.5509159985484136,0.0030243264676967454
-16.012,0,0.14613092953333345,490.54145548217497,-0.16594679408554502,1.0628562048446693,22.14865254887397,152,122.92480991151251,10.411722224266542,10.347693400191975,9.542340941319683,0.16427028029530735
-16.012,1,-0.0032852547650000664,299.9102996963877,0.3270129544061757,1.5327844564557243,17.31791876898857,171,116.39101020601743,9.980110977489588,6.595107689621398,6.1577302006744,0.09652241510415874
-16.012,2,-0.026978044116666374,385.14818878859626,-0.37433593500310947,-0.02387861484294973,19.6252112499066,115,133.25859580520643,11.536520652636298,5.998505442742811,4.784031651043737,0.06639771596735365
-16.012,3,-0.2872291042999998,597.3304300182187,-0.6236523005274354,0.7652918474178958,24.442032046795447,123,168.6704743192043,12.414362643000443,6.052451135038488,5.347512149062544,0.05114132403321318
-16.012,4,-0.32598110863166674,484.83844324281154,-0.38708032865256603,1.1276069009555076,22.021460145185564,130,172.6763249261934,9.295134288652752,6.41024444572464,4.928212802356692,0.04378873810082227
-1.4357,0,-0.02553901506666667,75.92454470049097,0.06155134959109053,0.3915166094297482,8.713506581266898,249,21.624074792040492,20.288308431728204,9.526745713448594,2.512615875397237,0.025027006931788505
-1.4357,1,-0.028039956798333474,74.20652901449621,0.10103390562928762,0.12627153157684967,8.614366793541674,290,19.595501310650935,33.84792838511032,8.606793413161935,2.500181837079448,0.028173436904993885
-1.4357,2,0.049328078716666675,72.74125835711689,-0.05767809583856147,0.0535976664110831,8.528991242606994,279,19.55904295406662,35.93690904675907,9.12609890923327,2.454721020825687,0.029758042900162228
-1.4357,3,-0.09345559169999994,78.00052235082423,-0.09872145707723984,0.19305246116156694,8.832284885489383,272,20.789536442906332,36.194340712349444,9.565594189575142,2.824869633781182,0.027876531343770883
-1.4357,4,0.07574206756833336,55.596568431165785,-0.05651363219808697,0.14934958993566827,7.456695333186498,239,19.435470092440447,15.606405053778163,6.030127193723805,2.0952071486247066,0.025594446640084766
-4.1975,0,-0.07467801813499997,31.385674692510502,-0.10841159914003726,0.20283930980864362,5.602789617583643,277,11.198209728427596,8.312680275899684,3.3487516939999815,1.799139407488363,0.0248651403984615
-4.1975,1,0.12243957623333333,29.11671434584179,-0.04196741079613981,0.0530076156948307,5.397379530445305,364,10.994706103940391,8.373888541153631,3.570441443416991,3.1018560741330585,0.11886540336011645
-4.1975,2,-0.09274303096666667,47.25397997842457,0.14771692371341968,0.03756528030437689,6.874778632670106,303,17.494164201387377,10.168894541611532,3.626044736707742,4.388155887313836,0.11730582765286493
-4.1975,3,-0.018198706516666677,31.110159737644185,-0.051888556846124936,0.029662473242689558,5.57767791563506,369,10.326738004269265,8.278100839467553,3.533015472687441,3.0826609561737466,0.11822709989484673
-4.1975,4,0.057548921200000026,39.1703943337466,0.08374072028914707,0.8353795634564727,6.258890174150517,324,16.032835420818913,10.125287929951517,3.933397156949101,3.2887231050635517,0.08869915557526302
0.47237,0,-0.2759430124866666,135.79049829208702,-0.8500727663171452,1.2766928891516436,11.656184746229243,191,54.72182403893753,14.89699306949346,3.3830076689660507,3.4565064896595463,0.005285256031993771
0.47237,1,0.3745301654966668,200.5779392568737,-0.9418772184051943,1.2330907932315203,14.167505500325055,173,107.16666790447218,15.379221653958902,3.2409757282120544,4.163507346960544,0.007711193394067394
0.47237,2,-0.16153086338999995,122.99914121085499,-0.7012974356935853,1.6797554182328538,11.091674058981473,225,56.84083269739026,13.208421657501392,3.5053180772658825,3.2982079568939238,0.005200456966388952
0.47237,3,0.20113054470999975,171.2858833554563,-0.5737333137880644,0.5513523463682501,13.08916868450673,153,76.2048239725874,11.424194496954694,3.427704199592074,4.060136764073924,0.006254295001090469
0.47237,4,-0.47382253932,243.8459965897773,-0.6764334726594113,0.7526368152878149,15.622755979293313,142,86.08080645177087,12.391749980103828,3.3834373150602604,3.709801414357491,0.005911349831101379
-0.77633,0,0.008743148652166695,20.76359015576344,-0.015190197836158733,0.025810511977608197,4.556716646710852,327,6.723510863279019,5.594607419813286,2.5243787521639485,1.5786746286820161,0.030332175800638128
-0.77633,1,-0.07645925529999992,33.83298166015132,-0.14025807517507666,0.9577702377572352,5.8171150648644,270,8.01887713309084,8.288811716028334,2.9956176541596466,1.4539315177321712,0.022734943072665933
-0.77633,2,0.21520103803666665,20.16950334857926,0.04800611794216553,-0.2053229265202252,4.49620004396505,321,4.35853999693949,6.962007163479553,2.8681200673342993,1.646186065797122,0.020436316462162984
-0.77633,3,-0.1405289882333333,24.840409780012852,0.03906198619618399,-0.044258976655354054,4.985996207032928,297,5.772348573017161,8.067413599665791,2.9757495391972353,1.2874818930197227,0.024422492234582878
-0.77633,4,0.0016436279000000174,18.487690777552906,-0.16510527708943887,0.004276626808333184,4.29973179152672,339,4.534327165880702,7.052154766899627,2.9046079614849707,1.2823601268694058,0.018109669532868564
3.7672,0,-0.0647842693833333,28.702111147653408,0.059149046071679,0.19721541574197898,5.357826812170485,310,7.057877631672623,9.788491492623514,3.6192745553699823,2.228907654104005,0.04238312102762459
3.7672,1,0.020527645523333353,24.12767942704643,-0.06547633937510995,-0.07483459199114995,4.912036320231882,352,6.761407580816499,8.437007709833443,2.7615748123185995,2.6686491973304793,0.05504191793912314
3.7672,2,0.0434649525499999,30.400753260653815,-0.13367554968347045,0.19395299483916206,5.513859126125185,340,6.5034536514141665,10.68003999121626,2.9015650018427257,3.032536566896907,0.05333800309321111
3.7672,3,-0.03187453000000008,31.98006015385015,0.10446108885569236,-0.03698568138397906,5.655181353370807,375,6.2680057504286895,9.848388876324211,3.490277933688252,4.635763231211794,0.07341182526937433
3.7672,4,-0.043101026449999996,29.757366102466136,-0.029729451531493985,0.21423158952228416,5.4552015362355935,415,5.846556306603004,11.894218778581187,4.077106851071677,3.978801027621599,0.077271052912592
-1.5289,0,0.08440042693166659,91.20604229174182,0.007381777095747727,-0.01771920663149329,9.550558398533989,314,27.99216832762766,18.119119238448363,7.229345048152099,7.185285579745003,0.11712430204374412
-1.5289,1,-0.3338896722883335,162.27528864182696,-0.01032888509613959,-0.10027618590469567,12.74310680152559,237,61.34087924343633,17.863372017623654,9.18562634587131,6.715819950044289,0.12377665857767214
-1.5289,2,0.23461004975000013,168.47251379037684,0.14994845361466355,0.4922298613745957,12.981816346945465,237,46.526455870557164,17.77658313194241,8.905105696126784,6.8535220359910705,0.10228869385806315
-1.5289,3,0.1659491705566667,122.03122341377822,0.109490735215126,0.054185352687366795,11.048020752197502,263,48.78369068821709,22.83033930710195,9.342789388244839,6.718606745586934,0.10352544350708817
-1.5289,4,-0.6270769403333332,115.19607000753264,-0.011243215136596294,-0.0367296112863329,10.751246229932159,278,35.46132543672737,17.19504999562751,9.480103526591217,6.622286815970506,0.10847906259257965
-1.5312,0,0.12641808881666658,92.9958184336517,-0.8353753638539282,2.1289126188641987,9.644262541367885,213,34.77364652611644,15.6748158371485,3.8561495090949336,2.627398100599358,0.002435099082330668
-1.5312,1,-0.1943071997166666,63.7050261844406,-0.8298950011192815,1.6173651841453136,7.98390765679954,256,28.061300032790037,10.776694367233723,4.049639529433419,2.0356237337322978,0.0017224820002112735
-1.5312,2,0.2664675168666666,140.37004636783004,-0.8377562746640749,0.819016455943312,11.850782729650188,163,65.6800847274239,17.404953314978126,4.094491116002805,2.623413850886964,0.0026855183716400243
-1.5312,3,-0.025148479356666597,99.18324075591178,-0.6553002534804953,1.6085114665323932,9.95911006073965,214,39.19531450757086,15.238775890562703,4.813756560937267,2.4065462272366336,0.0022288105915227578
-1.5312,4,-0.14961628356666676,136.72588102315748,-0.9589042922649818,2.1430147749734108,11.69394142517679,204,50.1443019950255,18.402905401718325,5.368564395392068,2.2513678354622724,0.002485055911864714
1.2377,0,0.0649620132000002,71.56845080403211,-0.3043837949759756,0.3176267797388719,8.460063289786378,228,35.979221477886576,11.83142853799482,4.7220353064361875,2.7385065789265273,0.002212375505395285
1.2377,1,0.12357136645166683,197.7193646289512,-0.3643896104784204,0.3607815064360955,14.061814765938212,171,66.77203175823895,31.80830522742776,4.96194545627871,3.4599655310435042,0.0033843702898242794
1.2377,2,0.14682172631666648,318.4389717365678,-0.5338189802507856,2.225647904349495,17.845462402411613,145,93.4509279847736,24.226940189051863,8.235766305027639,3.1626418461796355,0.0032817684954203224
1.2377,3,-0.14530827137999996,377.50199198318523,-1.5564430352511116,7.223936310625453,19.429953846494765,193,129.74789950962722,27.765554089492422,6.6232890502835176,3.720923809691237,0.004241755442221336
1.2377,4,-0.09069057271500018,262.7655337961226,-0.8138592745376108,2.098652232471248,16.2102979175616,174,90.60970806709979,19.170323822369276,6.705492654599357,3.696529180309576,0.005335208531757388
3.1334,0,-0.00959966449999998,151.49057945104096,-0.16857455915063752,-0.07193487755623362,12.308154679097896,176,69.71774655119002,27.762830844818335,4.5896599602741786,2.1328026575934267,0.0025457032813209148
3.1334,1,-0.12843027820833308,157.55718031053516,-0.33576091140800846,0.8845424691447077,12.552835323021483,183,72.39546794932174,41.305199416301626,5.19433638962381,1.797755490858296,0.0021517577454436844
3.1334,2,0.1538331630166667,148.65291625357983,-0.426845685661992,0.3491386341143192,12.193300656328603,173,63.459395737653495,29.485822748068777,4.517430904876494,1.782822511331881,0.0032980040134474916
3.1334,3,0.0001409035333332061,154.6678913186288,-0.39210243899436764,0.5200689755781029,12.436554640996137,173,73.45731247395443,34.6027861518011,4.865920255274932,1.8086927273307214,0.002948285050303722
3.1334,4,0.10884682545000013,155.09781634235026,-0.5887088985882843,1.2983633429868986,12.454303030429314,182,88.74188204441433,32.44338297579905,5.023944479669082,1.898479975179105,0.0032669535318332276
9.0734,0,0.37701221113333333,133.5834689805537,0.7492888617698896,5.432098979669316,11.56397886490188,199,53.153088496481054,12.001372371714508,5.274992817022513,4.392157878511422,0.11297393151688571
9.0734,1,-0.5075214098666665,140.69322933366135,-0.43091667035588166,0.8989101797737384,11.872270520634812,232,39.83118776358224,14.784597104941048,5.553458696764741,4.413634044379532,0.11412822154604751
9.0734,2,0.010140193538333297,92.38071340672076,-0.0705616448939581,-0.4058058284051991,9.611493964532556,206,25.595972004897433,10.779288807837522,5.2990262124937,3.63260152188526,0.08289875209356948
9.0734,3,0.19580708187166684,139.44599155193023,-0.5054081313762853,1.7232526979781158,11.810348511591068,206,31.78989424963412,10.197704123989629,4.443749368932497,2.8178733968278187,0.06907824419993637
9.0734,4,-0.0540280318833336,260.41884907516646,-0.511180685668283,0.42245207258431394,16.137588670659433,148,59.61880978924624,13.476876645806744,4.378929767718707,3.2860619265461084,0.06960898212276173
3.8547,0,0.18484624430000002,287.0552987499479,-0.8889984823015434,0.6498272491238359,16.94371467193601,105,131.81473996880314,18.252943426648585,3.887457486169988,2.3234997211831905,0.004869341847516644
3.8547,1,-0.24348356140299984,384.0837186728836,-0.785207586024814,0.5360101457343065,19.59956639616186,114,213.4694850734906,24.68398369955851,4.351699582084046,2.4966937583168645,0.0051938479420777384
3.8547,2,0.08208097251666678,417.0859937018311,-1.4603101365505422,3.3262090507540947,20.422848258455048,158,195.2836380327475,27.019389659342956,4.394948761201494,2.492739214424428,0.005271298051610832
3.8547,3,-0.06504022508333347,367.43809393567733,-1.0536332473547592,2.3057184942694873,19.168785151035426,143,213.07870450620027,38.84127587501142,5.2883876347281635,2.973839385547152,0.008233241680068068
3.8547,4,-0.030219629086333535,326.87902959106367,-1.0278166995698195,1.7256375379644622,18.07982142658068,149,181.3463279674902,34.009667000545285,4.508100731039848,2.45758669987379,0.0049791624469760955
-2.4354,0,0.04388912633333344,102.64433207446838,-0.016759134152116547,-0.7663392907414703,10.131448974844549,122,37.75585390264853,7.32572163660207,2.381143989842206,1.8967690007644151,0.0030388558158906836
-2.4354,1,0.15970658012666658,83.29717196057467,-0.2612746576438408,0.093850212886601,9.128125664796164,178,39.90263328981271,9.45016877232633,2.537754229778752,1.863341534353121,0.00256144700421281
-2.4354,2,-0.41994398845000014,234.7964635599306,-0.8689956587351739,3.654632702716998,15.328823063541632,136,106.9179630511674,16.13186945321011,4.199245790283593,3.851207603499754,0.011367993332714689
-2.4354,3,0.37548981203333276,139.7995815423815,-0.5720738261721734,0.7655732276568137,11.829648098794923,136,60.16980665455805,10.441402365554817,3.0581449449631957,2.3995210697104867,0.0045627958787822715
-2.4354,4,-0.19009787470666675,95.62975030226855,-0.09503214523323993,-0.12481269958892005,9.780894003322832,163,37.804042013928154,14.514774835710288,2.720155868870926,2.081641924740556,0.0023021545467097468
-3.352,0,0.22742472191666668,66.15768576550957,0.0662119337278192,0.025666501552597865,8.136916355084919,275,18.952893209769172,15.475049339597888,4.385557132957212,4.361776159835878,0.07617825124118843
-3.352,1,-0.24309456067166674,93.86140520803099,-0.050800383096585286,0.2823633907708567,9.691258957094231,250,38.3236413531243,11.980919602125955,4.225028313363274,4.424451216114834,0.07813211662108707
-3.352,2,-0.020741156394999963,133.33287041622847,-0.11976430512926182,0.42083231017722955,11.547003966908346,197,59.848837018235635,17.016907840409484,4.387261242022367,4.134907582579443,0.08183031144169271
-3.352,3,0.07725593775000006,104.85505272867539,-0.04452625717534761,-0.27337756766770305,10.24016704983825,209,39.34311322624983,17.315517737865193,4.657140570114392,5.040246913478491,0.07839419586708184
-3.352,4,0.10256229899999995,112.6554111883432,-0.34521088454954085,0.3026534806050192,10.61442086095701,247,37.658232224824964,12.124437988143374,6.859325938067906,8.84759735827546,0.23648590522335197
-6.963,0,0.15204562069999997,209.0723174938407,0.012856653100302772,0.17460466074677505,14.460132619191803,247,66.66495700150078,41.46474817458394,18.107564290049883,9.58436982402442,0.1403372400783023
-6.963,1,-0.19151074061500004,206.84756357943806,-0.1191107909961015,-0.2915887508218238,14.3834710672775,249,58.664573830203835,53.79549595176745,18.212818028003475,9.286683152841814,0.09453088034290581
-6.963,2,-0.009205092498333584,239.02301465905202,-0.03656361697014585,-0.08851435005004715,15.460371903443331,253,67.97419653454546,66.72615580692056,27.605302831941287,10.656506386876616,0.11662827643498631
-6.963,3,0.08009136964999981,201.90165971464194,0.14273296289248108,0.012280856015901787,14.209436102186968,287,57.53392155848303,68.91507562705637,23.066854474472937,9.486445307810666,0.08781392660367794
-6.963,4,-0.11820125514666678,207.64980755023836,0.05807217472479438,-0.04651772906999385,14.410544024670154,257,55.00667710497125,60.384233317060364,24.50275788687765,9.277769450734368,0.09366999576016297
2.8914,0,-0.045050015404999956,92.64955871938669,-0.23081893998972194,0.27676508579173253,9.625569501243794,334,21.19899148595417,34.24561669765064,5.449293174520015,6.7864079343549335,0.09880296615229826
2.8914,1,0.028338872883333466,111.22165596313613,-0.17172285227691333,-0.2187495335591425,10.54620590804354,271,27.839458449768046,30.598090383412586,7.9902139612808485,7.686037592643579,0.09768261209470674
2.8914,2,-0.14950028451666647,119.83071174359611,-0.00732737224346549,-0.2679940903243683,10.947742327926186,268,37.08174945163814,27.414136253062257,7.099816573026635,7.405564075872028,0.09378276037009452
2.8914,3,0.2568947829950002,108.28267180922623,-0.3788954077862721,0.515640442508734,10.409066564238904,276,30.744479111146603,31.692721149077663,6.851567905371574,6.97144993170707,0.09831466525109753
2.8914,4,-0.37319987183333314,113.75419176678854,-0.26049349078910866,-0.19823828428753032,10.672088357539256,229,28.200948640160053,28.95992749627688,5.7140264593879095,5.662601203404802,0.08191079174417805
-7.6004,0,0.11441706087166661,168.90210308633047,0.04782511081069744,-0.21077021731113765,12.996737834939543,121,66.62353289378099,12.442809235549344,3.8557448650696795,1.583492324509419,0.01772903334289071
-7.6004,1,-0.1268593656666666,205.60773995596412,0.07997224355117237,-0.5682271609318899,14.339589717095167,110,73.81840975182932,13.385814098239853,3.175562161743278,1.9068066648022297,0.02304990429610586
-7.6004,2,0.17419744736666704,243.45612821788683,0.10444984663097714,-0.5877389166489815,15.60405309426227,91,79.9706111308986,12.962785770422162,3.4867668628352577,1.6366375317597157,0.02434819304147869
-7.6004,3,0.07681519201833341,123.49418498554772,-0.23453358825977752,-0.10928588473326695,11.11305923493943,155,51.064321439605656,12.962656858353231,3.6763962805160757,2.2035634974508036,0.020037938821777648
-7.6004,4,0.09201872515000012,138.82184239375403,-0.08576907576449834,-0.24907082399605507,11.782627459082812,154,50.10283462070126,18.44649956652856,3.425754095148295,1.8443570424005902,0.021366506515955345
-8.888,0,0.07116662846666665,61.04339018843876,-0.0009273177389461674,1.884941810620048,7.813351065800516,299,22.15762484067197,18.773932636537836,3.6321513247266672,2.944383895957442,0.08189799274182964
-8.888,1,-0.08051451592000004,51.94551938694012,-0.4045341898335189,2.236770990299153,7.207773718299844,308,27.33518709805721,10.760864780842573,3.080017140391495,3.0380674708804642,0.06359411098037886
-8.888,2,0.10228372134333331,56.52393595516561,0.0036522690489019217,1.969667580494443,7.518935956291784,324,30.032495673798607,10.193485291984214,2.7256182153098716,3.6412785528424143,0.07408586884993879
-8.888,3,-0.10867112853333331,60.000615787902284,0.829996089451838,10.855368919620547,7.746768694241425,351,13.078317330451878,17.438346598663454,9.73004868520329,12.319559046815346,0.46982812757417447
-8.888,4,0.08887862977666669,43.33550898343092,-0.06777979443215207,-0.06545925520456608,6.583571097380349,375,9.829008038774166,18.441633999460397,4.403832550253552,5.007633355641316,0.12701298824185764
