Mean,Variance,Skewness,Kurtosis,RMS,Zero Crossings,Delta (0.5-4Hz),Theta (4-8Hz),Alpha (8-13Hz),Beta (13-30Hz),Gamma (30-100Hz),Type
-0.2155512463900988,183.84590675725386,-0.14241126829982584,0.6312579569341548,13.560692058190622,261,54.75044860931665,47.93366851960781,11.95651526435157,7.6318149161573245,0.19776925091402922,Noisy
-0.053739061241404935,188.16274954463037,-0.05563063241182712,0.22373325017664314,13.717348046591713,253,50.56649281365965,53.07634749401698,12.223945553659547,9.501700597561307,0.20702472124306548,Noisy
-0.03678842893028938,351.29934685232087,0.08452357891563393,1.112033753407534,18.743017372899807,173,144.4196170121213,25.255226654864344,10.908497985678382,8.670644628570473,0.2012619530391337,Noisy
0.3324140319822832,163.01566115150644,-0.11791319096553404,-0.0764137265733269,12.772085195463001,259,47.71440872815478,62.82245438201611,11.027196944476419,8.655659480846044,0.19850079983009083,Noisy
-0.11360805363005436,455.19805074631455,-0.8659228465179611,2.049920533139149,21.335673355583697,221,98.70640693007931,46.32472679556319,11.946534705807444,6.949237766480908,0.1938579981963468,Noisy
-0.057615141830344364,204.82627523833196,0.3255268885001356,1.1724495796169174,14.311869016410823,273,67.47132449227986,27.68437233746913,8.127871120816708,6.001283323971343,0.31778244812065215,Noisy
-0.1795890773113002,186.2021117101288,-0.047556839158741065,0.7154606857879973,13.646771191267858,235,58.699761241720665,30.278806857962312,5.549506572683445,4.366200245172947,0.286493840709188,Noisy
0.13084639837645526,246.40549101188043,-0.30527895520437026,0.7865540637659332,15.697853732018544,229,70.5813075735356,27.601562699535318,6.92829786833597,5.016958549108478,0.3888836924573112,Noisy
0.03460571796315458,128.60386202100392,0.008243140413377642,0.5105041050972101,11.340417081250568,258,45.207175264614214,21.372641137930128,6.316450913807971,4.215212866423956,0.2809244382557734,Noisy
0.2723283530774145,233.9029122254141,0.2071126536185516,-0.16027061786305818,15.296309193962575,207,82.96896900822695,43.984280141885954,8.33094592227122,4.696426085655164,0.31000080937678814,Noisy
-0.1382591874344309,98.29129385274429,0.11919875654452168,0.511866178913789,9.91516058647838,547,16.43611242485945,13.794099717591367,29.962201495522095,27.03801871850343,0.5592041855264316,Noisy
0.009854175922882746,94.27754024166602,0.16010926874240877,0.20620255653669917,9.709667210901163,537,16.734149492865882,15.679395373471996,21.657279597109323,26.709299956616935,0.5670110438640804,Noisy
0.2200495472911081,98.8859969464448,-0.04893177040842622,0.12323670657278907,9.946578243280843,494,23.38843065833871,16.840064137586776,23.43945667381329,21.327474393091663,0.5379414087181948,Noisy
0.11919178826211162,87.47619482550516,-0.0710464507594367,-0.036771451664680654,9.35363039187963,454,20.550471836030106,18.495863133776776,15.683960432489,17.195152154377645,0.5278550843230664,Noisy
0.05141468861062395,92.3211052712814,0.021328836735827583,0.03892240286812676,9.60852479527874,522,17.203013621266724,17.068478270697142,25.69025655238858,19.022177137909665,0.5499469056747651,Noisy
-0.01141766428889279,78.55611256433535,-0.09819465554698267,-0.30761516958196733,8.863195977038597,233,27.158595754873513,7.3627437631786865,3.7041832002210877,1.7665286024428906,0.19472497366988584,Noisy
-0.2805957661820005,111.6019370579514,-0.13941681152799099,0.241725054142353,10.567907599991148,212,41.0328176448682,9.271582522855743,3.9488439936581425,1.8900543266530712,0.19652188173720883,Noisy
0.3957004275892097,148.8305142772216,-0.15043833802760045,0.8437537131477293,12.206026917290322,239,34.88158821847991,9.526392393715991,3.549241004439613,2.181673286949168,0.18512313765571467,Noisy
0.23239738421948428,70.59280333030559,-0.09670351654289405,-0.0830578242120743,8.405165785069181,256,31.434648906053393,9.860645221921073,3.5326172433383825,2.009488000211669,0.19938279554154192,Noisy
-0.3385524569374897,125.2162487332944,0.1344754217488399,-0.26610577419796355,11.195126908588076,186,40.70498111360272,14.358273287652217,3.756549503476992,2.513156131825149,0.18731168139757728,Noisy
0.06957957067494419,120.74366804383699,-0.24934856299621833,0.0008478885398042202,10.988562661262495,299,34.880531920634866,30.40597150709627,16.851570727860516,2.6585996609198324,0.21967210121071545,Noisy
0.16467620488638435,90.64399822586185,-0.1993391493093577,-0.10798511637979935,9.522138230372295,307,34.809303511658825,30.53506788772917,13.717265532790591,2.5136716552320744,0.22654292651737948,Noisy
0.047264903997741366,138.85968146879134,-0.07335859663916135,-0.11567291310147176,11.783968577688132,247,49.7417378161359,35.28834683615277,12.472623353000762,3.090398868375802,0.2214529325879905,Noisy
-0.09961066627735259,112.02034621814528,-0.0955741567948793,-0.24581134454456421,10.58443519999917,270,43.38678153664753,27.334369089340672,12.281920300682238,2.9232706377331747,0.22836035139195066,Noisy
0.05421190037849345,114.38497317862009,-0.19467374130796558,-0.08277200189711831,10.695228473892586,279,42.422206118699876,27.915289491144975,11.222115616150226,3.05265874330214,0.23159636014475432,Noisy
0.05767394398859434,297.29529743183383,-0.2180062848475396,0.6944435271915377,17.24234971561733,235,93.65885125918481,20.800044916490883,7.483766649163034,5.987219374531846,0.2808565161870096,Noisy
-0.40495772516389666,462.5730794406559,-0.2926858201857589,-0.05809481377922188,21.511324231665185,157,134.8902134447598,30.343122616986744,6.77424760661183,8.800159388208852,0.2856229417964994,Noisy
0.2915216234855327,258.1018906453233,-0.15162991552843486,0.01693341878752941,16.06819453150487,211,84.60321103251381,17.561585446795245,5.707636083324293,5.400985996126865,0.25694331328228265,Noisy
-0.2388954033384971,295.3845955427451,0.18187028977602757,-0.009450586147156326,17.188416639018303,166,99.08311687294024,16.867800678744214,5.962036396083335,4.935099981963892,0.27009107334928956,Noisy
0.8706964940548791,314.1659392964435,0.07537461996303271,-0.17752243853829608,17.74609961882337,133,92.70078871214054,23.28393198883815,5.760827886900144,4.725276561204199,0.2693535694081641,Noisy
0.06595916874419704,145.54659857924204,0.20401763124986885,0.1889552813495463,12.06444980888824,207,43.28569081558332,7.669509033575629,2.7664622678270088,2.7653090786948455,0.24049960637442566,Noisy
-0.15913122588363754,132.834690746784,-0.5151204238975473,0.5855639693351131,11.52649181207514,215,36.992970821742105,8.469408916612595,3.5821215235676314,2.9777842226433897,0.24241419886783017,Noisy
-0.5989802828053188,233.50005298210021,-0.10405442584313325,1.244331624411486,15.292443570642652,199,45.11373087212476,9.939951712231386,4.63474253829592,2.9138343912126747,0.2538140340511752,Noisy
0.2586356944655855,314.69069803300687,0.006787754685591148,-0.18167513565621185,17.74140891968444,139,61.925840519584824,11.888763448102276,4.010499477850051,3.5351898494410774,0.26580669937393653,Noisy
0.725796051999607,144.6421080226498,-0.03620617906148174,-0.31030642742815395,12.048605227649714,191,42.0642692176006,12.620854972933822,4.196213722065298,3.01391968977225,0.2742220447399626,Noisy
-0.10239151552177085,114.3236376990187,-0.05205983359264217,-0.12201064831108877,10.692713487299168,227,48.2779995559512,9.729249028446553,4.747964669573841,3.6618857996033305,0.28562422920057656,Noisy
0.22865096069452087,123.68503122800168,0.05483029034804319,-0.09210855947171082,11.123727454852002,222,51.31996421674424,14.618081026718905,4.306289252779782,3.7197361132215727,0.29946510622562056,Noisy
0.25851792630063375,148.1127260490086,-0.20721083892219844,-0.05037664705984923,12.172902594173149,247,61.66827105833383,18.20717102159913,4.362206611572258,4.067457427829789,0.2706312606096712,Noisy
-0.09786291084490525,160.5370656806191,0.1029515403290643,-0.17359129673438112,12.670700171258813,197,51.4526607703726,18.517368001825343,4.867186916362747,3.8735651381386385,0.28660198201654635,Noisy
-0.05578840218444411,233.88551463027466,0.27830802771697455,1.5140032074915348,15.293417766349448,181,60.08584633749827,9.53176234740675,4.376533645789094,2.702300717279123,0.25403158806915743,Noisy
0.13530042799530975,100.46737241886505,-0.04427996006927131,-0.2522735774501439,10.02425451715392,256,36.8824795957883,15.62660991190798,3.711096363498843,2.599749469357152,0.20167873309518208,Noisy
-0.012006927850621765,148.73703503170415,-0.04219853708820919,-0.20807303376609987,12.195785304687048,170,47.88379060126616,17.005036433488545,3.411804534144459,2.6231119084205523,0.2040431469883691,Noisy
-0.20451387380974612,130.9838888182911,-0.12814337009057775,-0.10111237328280476,11.446646440895769,190,41.420467523536566,14.933443804430466,2.94742036682859,2.3084965238709647,0.19359168580216152,Noisy
0.4884265990233051,170.1368289885821,-0.09678846263885578,0.6514121958320991,13.052792403589955,181,57.08737951129091,16.85482746299781,3.749230378702463,2.5091527168947487,0.19520861175639292,Noisy
-0.1993049104014273,122.80741172288339,-0.14736013780550672,-0.016488221831727934,11.083642639953414,209,36.06967736451544,12.97409531342263,3.281175651407721,2.304300713099258,0.19531705444041958,Noisy
0.23584333728260845,71.94119195986346,0.06971496763523786,0.08932246796017917,8.485093637645024,264,24.744176395684416,8.101228358380736,2.489902474622982,2.339080804006886,0.24493682118403698,Noisy
-0.2263844365300587,95.37362726469681,-1.0735559556402532,3.617291164876307,9.768565768719574,255,32.329565956756355,8.087100412469264,2.278193707078773,2.741919306089031,0.235876824569886,Noisy
0.3401532881491618,96.823089615011,0.27341411186319203,0.3148448957630632,9.845750041233511,207,36.504447350851166,6.378344748392208,1.8786529411198336,2.051254889372837,0.2323319965454216,Noisy
0.03265222084254227,89.90552991772036,-0.10114007329161018,0.04325429238766798,9.481908884040507,218,35.77346695284859,8.746285756035068,2.0183247447014296,2.272269974451758,0.22783200649204066,Noisy
-0.11431402010561245,91.90608950038386,0.2918352250933593,0.23262780029667995,9.587447897932828,239,33.74877207949734,8.618884121180603,2.682904271000844,2.851869379472565,0.24357594052372653,Noisy
0.15885350017848407,80.01074439484384,-0.019066714277442446,-0.31995808192139963,8.946282961619469,266,29.03610241174224,13.476570035483938,3.3712590235373128,3.2501609922527113,0.18907588676809856,Noisy
-0.0043596993151926045,103.46454512086088,-0.2108808282392471,0.6290913625283845,10.171753247490768,223,31.952612571902804,9.652399919771534,2.85523831686886,3.260419803810479,0.20241541580965183,Noisy
0.028255334311219713,60.71963026523173,-0.08116794439904015,-0.11261926961497526,7.7923313988272325,288,26.066403016677647,10.001383090613055,2.660060608745053,3.696611291200437,0.19379415638588313,Noisy
0.014690581380619695,87.58844740799893,-0.3389289274990573,0.23187157645121204,9.358881515500675,277,40.04238902439981,11.622840826618962,2.492765858021681,3.869836989367134,0.1942442566911035,Noisy
-0.05599100389577633,99.29894568940738,-0.17226262952795512,0.3748700979774271,9.965042934274022,280,33.68267422848199,10.625013760024277,2.7937265350257947,3.674459759594448,0.1897851558727321,Noisy
0.2849419681688687,28.580364581351965,0.16875623927607705,-0.05115048590773119,5.353648896460798,418,6.979082436157887,3.631255406928885,1.7677542841438882,4.0127817557018615,0.2771017195896467,Noisy
0.06805053395022453,30.840663004667004,-0.3344485436939407,0.46906678572165994,5.553853966376674,444,9.576591034110974,2.791372221526597,1.7205609307520726,3.848874711168992,0.2562776892240733,Noisy
0.0033443663377298095,36.341798198042696,-0.12220184877322714,0.21372709116020738,6.028416822253493,420,9.314343950617557,4.698130121529379,1.9469706861099136,4.566042730466101,0.27504336224210146,Noisy
0.003117393890082174,31.57805830051583,-0.22457649087994808,0.9978150793939662,5.6194366282271115,455,11.311450138481547,3.691604113508703,1.690679634405334,4.147363603622146,0.27792013512752717,Noisy
0.07560165428130208,129.96902601712853,-0.5205876549934056,1.6781535526226579,11.400646544264875,301,29.930563639827525,6.17051696866976,2.453799082671471,4.564561126061989,0.30617865723166554,Noisy
0.10679897224480031,68.13463506308484,-0.18769666605929583,-0.01949800165862836,8.255061543293145,382,22.226375238530466,12.311918365187708,6.500586560607347,8.797272993054364,0.31379870022317125,Noisy
-0.13946555668944782,97.55901302389147,0.22875401562283598,0.04576111252310211,9.878181192172685,349,26.04872386277677,18.106002567663605,8.47028687763139,10.270503203643333,0.3568533343986559,Noisy
0.253861106814251,62.709575472585875,0.08431479206962768,-0.18645082050520712,7.923005801723159,396,14.990112091253323,14.217671003455019,6.892639081123185,8.740647927468459,0.3446815206717675,Noisy
-0.063779558409434,68.85890274125195,-0.04394906429387406,-0.17128519953395438,8.298371561536808,346,20.362229630051846,13.6267309687353,5.825415456640609,7.736812124442683,0.2849409162658325,Noisy
0.2303578904633377,81.75660242233545,0.1786094114297415,-0.20231711429149213,9.044869660754332,356,27.78807746455742,16.279104064131268,7.596264600593079,6.7358652508167305,0.30414323255447756,Noisy
0.12484000512570476,206.0721865989889,-0.47819859522515545,1.533627209317583,14.355757438249947,187,90.06269033394466,9.46045389958397,3.5947704782120784,2.1765429348215357,0.1942076618493497,Noisy
-0.3212603580967967,174.63057203000338,-0.2415747611695647,0.4667912762738826,13.218690564790744,190,74.21342248364563,10.838306360799539,4.1355799990637605,2.6653158326889024,0.19408023577482694,Noisy
0.6193148650083687,351.20847814432113,-0.7886223544636731,0.8394456033163569,18.750787424701436,130,151.6668515387315,12.180515519731657,3.661357231850246,2.7155079235650947,0.19264184171966303,Noisy
-0.23571725781070668,191.04575075107667,-0.14028871662734482,-0.43147642761532845,13.823939864478088,176,79.70196484109589,12.870600064598733,4.126254503285611,2.5198141289258387,0.19766966754496879,Noisy
0.20636496395594345,173.5689720667649,-0.34172083954137533,0.4113442747679219,13.176173897042853,173,71.68335912616499,11.53980246164478,4.4705423514421865,2.6200507975551113,0.1973374167935795,Noisy
0.19457932606831138,491.07784914224425,-0.19356361788333232,1.055490397663041,22.161130617736482,166,123.37967212782692,10.438446009226997,10.342190732595991,9.608037414383332,0.35458721520023034,Noisy
0.04507825226403217,299.95429034157667,0.3117196119118963,1.514882167097091,17.3192471658096,187,116.16152235876369,9.945365353750242,6.582778029579379,6.227944184084066,0.28744106589316,Noisy
0.03487102750185379,385.4221095248211,-0.370714686068324,-0.03535668431284433,19.632201239631282,131,133.39838989032881,11.506087573596089,6.0128749832467605,4.829492430406758,0.2592963155802645,Noisy
-0.24149384618786598,597.3358952395603,-0.6367645248325965,0.7739303573043079,24.44164917752701,145,169.03964414820769,12.483577666290898,6.079855984915198,5.434771225087004,0.23860140628395587,Noisy
-0.28902280599831937,484.1196174800827,-0.3793463982911343,1.1117011881406569,22.00461659885193,152,172.19434692839334,9.342443540414456,6.445761773516924,4.9191883039117,0.23247140192159352,Noisy
0.023945989638043366,76.50126968155787,0.06579854882549435,0.4360271324460583,8.746533204188824,323,21.644922681589982,20.364273806040316,9.502407177266186,2.5446945956721363,0.21912349170242168,Noisy
0.02156608332602672,74.65059981152099,0.09536282621921562,0.11697155564036077,8.64008477432201,352,19.720780390228995,33.92948435430392,8.665285882424811,2.5345237044412148,0.2142733492695071,Noisy
0.11151565260996042,73.0573753546221,-0.07019717922610196,0.059597576796452945,8.548088154400324,329,19.386183982957764,35.868286226493495,9.124671295024948,2.4945314051512426,0.22437357195855123,Noisy
-0.03991230558509401,78.39523297303637,-0.08826838159643495,0.18586731437667092,8.854198211310468,333,20.762476176030926,36.110340527391685,9.600131082537581,2.9031325765339684,0.2211640706785397,Noisy
0.13814928294636974,56.18264171888618,-0.044989271422405115,0.17409278565107567,7.496781105465517,313,19.52920189432185,15.65887268088914,6.00095615384822,2.1446200553221333,0.2080775192455467,Noisy
-0.015530050448075277,31.893462921958204,-0.11356327214344071,0.24151753427815104,5.647451115718058,386,11.251116189063715,8.330594221523596,3.3595239668635917,1.8539104200591225,0.22077496771175442,Noisy
0.18121667972021138,29.627737173122554,-0.040541333687430396,0.025703818612694995,5.446152463724402,444,10.973557329326471,8.32859809740292,3.615479783652883,3.1888467662333455,0.31002971996789075,Noisy
-0.04198771198698728,47.658150914063505,0.16687855166796228,0.05537234106704503,6.9036160004755045,377,17.513352061923996,10.203891501224627,3.6115877768518674,4.44968507665103,0.31507654822246095,Noisy
0.022062304644587034,31.418847740384237,-0.07460012505352537,0.043156041500951314,5.605295218422529,451,10.333058133201561,8.28844613952985,3.5299195978130276,3.112253340121088,0.30757174777321605,Noisy
0.11939362311082864,39.62760627100306,0.06561419160900896,0.8123296822983987,6.296178293873403,396,16.069273957329862,10.199727178003966,3.9786936763390273,3.291547884609139,0.2806861621325334,Noisy
-0.22383793391557272,135.7827088560478,-0.8332216628038439,1.1958974482506992,11.654733470856696,228,54.8720598251262,14.824154366915785,3.4511399376779686,3.4670397265499764,0.20039348992616107,Noisy
0.4181851404743885,201.0122692319722,-0.9494211857281631,1.2628156164293287,14.184045545742082,206,107.1139758986666,15.510720114021094,3.2405816681410458,4.191933446031763,0.2012578656781061,Noisy
-0.09937630000136141,123.29494105489475,-0.6859383182990354,1.587826694717112,11.104270201318801,277,56.917577487227724,13.133639520189016,3.5026476212994586,3.3406900583671666,0.2037912988549273,Noisy
0.2553151090878273,171.86015769417475,-0.5691107526941245,0.5366947987076323,13.112030487270202,183,76.22025388735885,11.492944091347185,3.488375951161686,4.0887043726973324,0.20088641647995872,Noisy
-0.4412673405908169,243.6592512173995,-0.6714331551885001,0.7728665854129662,15.61582428446451,176,86.16627048785274,12.337434422869327,3.4192244741161817,3.7763491416811563,0.20546457682177294,Noisy
0.06898403237401253,21.141120174967398,-0.015216997160406759,0.05394419172618781,4.598464849456825,443,6.759340549135633,5.548725833932417,2.5236669900944864,1.6327880906493781,0.21620271393490137,Noisy
-0.02475970898466001,34.15709581232851,-0.21885939423128756,0.9446354215125354,5.844459671818902,370,8.009250854984439,8.278362509452306,3.007610307393631,1.493586523846278,0.21818961441405244,Noisy
0.2753217454203276,20.745216895355387,0.07161686447659311,-0.17894589928621318,4.563005474339986,457,4.397186422157013,7.002090945032882,2.89504799322765,1.668883298362884,0.21564234882869335,Noisy
-0.09431682267237732,25.476149116437835,0.008420617100922756,-0.053127613631967385,5.048271464519003,407,5.819689926756726,8.13916421184032,2.9897491975026833,1.3518500744709059,0.21210236034280794,Noisy
0.06124496332090048,18.78914205255416,-0.13818930081901953,-0.0010405607223669122,4.335077046384105,469,4.517702297552585,7.020151359406537,2.9179829197060703,1.2906666096818995,0.1998543430238186,Noisy
-0.014189261157691495,29.105485814736458,0.09458696697906785,0.23140193798532716,5.394968688497521,404,7.05864845945984,9.791913890494474,3.618260233215822,2.246375517488798,0.22236959963882127,Noisy
0.07159928439386334,24.691760393123502,-0.08338750652954895,-0.060719540355736346,4.9695962462406555,464,6.817404839501557,8.45437128067492,2.7532673547794015,2.6985473506244757,0.24856880098315098,Noisy
0.09541640909582748,30.831895860275175,-0.11927101288284296,0.09834878717698725,5.553467398967957,448,6.500970900679917,10.737009424937746,2.91361304837332,3.0828121290811903,0.2466042723717591,Noisy
0.025113074285348206,32.41655589774983,0.0900114069578353,-0.07369002385056733,5.693609273935988,423,6.307463730440599,9.82884698097405,3.492422475588051,4.659086749941427,0.2578797334129195,Noisy
0.01498318293869907,30.13022713183404,-0.039332804768883484,0.2018183762257615,5.489121207224797,503,5.887250629915114,11.923376497115294,4.0727483755836635,3.9631797952998804,0.270419198002873,Noisy
0.1306508769581236,91.64702352986679,0.03191005329120913,-0.03869376750439857,9.574136680741335,356,28.006318624112605,18.119592910860508,7.211018446682093,7.2340200245091015,0.29698622565847194,Noisy
-0.2752798650714463,162.83930993306706,-0.01277420150246841,-0.11246575406948045,12.763819527758171,265,61.47665686688389,17.894939758274806,9.240701253645337,6.750274817151985,0.3205443364848756,Noisy
0.2729564984358068,168.97465710196215,0.16089850790926707,0.4921713314494811,13.00189072219885,273,46.6404711299555,17.820739743721223,8.972741597491584,6.916549096286912,0.28626875236776916,Noisy
0.21448135730190107,122.51055941285604,0.10267550098623411,0.0581388180621536,11.07052671129455,283,48.866611213391025,22.80002047999497,9.301100064585372,6.681246051931887,0.3017963812204544,Noisy
-0.5827120806662827,115.2087042506858,-0.0009989430105104616,-0.02541298348077925,10.74933754329262,338,35.536474236993335,17.19543494677028,9.481955348243766,6.626063066212666,0.2965683690751289,Noisy
0.1878676455479853,93.53697223336881,-0.8409254117719396,2.143388714566525,9.673275892148046,274,34.71847601223916,15.722486572797195,3.8820736410537133,2.645856794286251,0.19902102731750693,Noisy
-0.1387710286321344,64.14321937852321,-0.8092898928762507,1.5451423061718144,8.010148361729067,321,28.177039184017705,10.802617527673831,4.053964284230662,2.069257389016184,0.189156710029945,Noisy
0.32108192363266636,141.23262640527045,-0.8428402374883994,0.8106636572484649,11.888470044835632,221,65.94317903813604,17.5442391885802,4.109090783845342,2.6766681666338266,0.19633921684774566,Noisy
0.029286094442777105,99.71293091865616,-0.6791436753170768,1.6983368928791096,9.98567917539833,296,39.209835958393235,15.271781832817984,4.8487230034714655,2.4247560743476027,0.18937045745363348,Noisy
-0.10284075001726779,137.12616268036095,-0.9496539823788628,2.075310877399449,11.710539650256303,248,49.91965518394708,18.488995639049833,5.383614679067004,2.2658989229137725,0.19234470746509497,Noisy
0.11940295040666278,72.09950471917709,-0.29960854108850954,0.27835078734656626,8.49198220580701,276,35.86370210244572,11.879996526973713,4.772699498934489,2.7546049313725174,0.19678866913431148,Noisy
0.18087521835447926,198.10445567458845,-0.37447420431657136,0.34955870368178354,14.076120613265688,197,66.59939664353703,31.75464346152587,4.946592828759071,3.5043594379235796,0.20159477506959605,Noisy
0.19453715133919225,319.5707287777552,-0.5052949137465809,2.175986184810207,17.877599768453436,185,93.34795546369364,24.156635850203433,8.236188403364975,3.2328526049288615,0.19837894158671768,Noisy
-0.09969618440722672,377.82183140364054,-1.5322343863375176,7.114725010542205,19.437895223835987,215,129.63843093957098,27.918195762539902,6.583607514021569,3.7467171973944557,0.2017337200156988,Noisy
-0.03643439838086139,263.11375952630084,-0.7746350512110549,2.0204234996889676,16.22082263609606,196,90.76664215138779,19.182797545450654,6.672854352403093,3.711396594972694,0.20488002437183084,Noisy
0.0406954636498718,151.76475363921037,-0.16608050772731642,-0.06189666720123377,12.319351028360707,224,69.55932748479172,27.87700733617289,4.613624597225167,2.1492970787952728,0.19612755550731942,Noisy
-0.07923175287032305,157.93536434693655,-0.33458632416463935,0.8763571499501519,12.567483519686805,229,72.41759873603702,41.2527479961685,5.1977866339212415,1.8574935696015047,0.19740466960814584,Noisy
0.19983518703956274,149.30296083409306,-0.4385930560466315,0.33953380804231026,12.220593068099118,217,63.60109437060851,29.632537109735843,4.551221253076313,1.8269248571934538,0.19497990877108717,Noisy
0.0494174091740273,155.08570865437898,-0.3846088026645308,0.5037282104461922,12.453439313487195,215,73.24127136449177,34.59284697351523,4.898212782504063,1.8604654437662056,0.1907082491988419,Noisy
0.1689897555588595,155.66336893875786,-0.580214682894443,1.2678243693272,12.477657090826053,218,88.72294672682808,32.42451200904867,5.047767280639463,1.9670510977846734,0.19479637550981294,Noisy
0.4342600460123061,134.26816672143192,0.7415250622505573,5.422110509898543,11.595548650624279,235,53.317502140259776,11.98026631703747,5.242328016117892,4.445789268570448,0.30808855056168616,Noisy
-0.45647716496585933,141.24243423374165,-0.4436459960134017,0.8873974062861061,11.893309280258245,264,39.71220806094268,14.863718831828205,5.5738474949048396,4.471759392331006,0.30140100212638,Noisy
0.06550449189309017,93.22360515017216,-0.07486597897910811,-0.41129357271896794,9.655459387757286,246,25.596691238029756,10.822124058996572,5.321942219757262,3.7109806604061872,0.2680322861484191,Noisy
0.2504162209826219,140.13708809704818,-0.523812811197444,1.717524368882664,11.840599494146375,238,32.0423331421703,10.210772892635461,4.421193807357275,2.819461478605463,0.2621434040455127,Noisy
-0.0047073472012730995,261.28709034323333,-0.5048707249061203,0.45354360172866803,16.16437788788517,172,59.8211732710951,13.511100144323573,4.344729802009684,3.3233176464524785,0.2717568549118144,Noisy
0.24029854178909643,287.9570742802678,-0.8765185347189056,0.642995013914264,16.970999312634888,143,131.69536992358567,18.249298416284773,3.8678917646340905,2.3627491114735077,0.1981248492287092,Noisy
-0.18143948747559224,384.82756835637946,-0.7863818374996369,0.5496815204537673,19.617861469691206,146,213.190666637022,24.76457039049145,4.326889706856575,2.531819849524609,0.19626135858980798,Noisy
0.1393063847485674,417.17631386434846,-1.4511351561540993,3.3116166341781463,20.4253695225614,196,194.99499805454244,26.928449634020033,4.39513897784077,2.5062427849030793,0.2043923852383597,Noisy
-0.014521593523779908,367.9766332802582,-1.0664153378294394,2.33735523485103,19.182722542875315,187,213.0067869522642,38.68633592297325,5.330478154971771,2.9799733815473797,0.20095109012097578,Noisy
0.035439606712759676,326.94532725869425,-1.0363350881663576,1.750753718449534,18.081664282482908,181,181.36423537954937,33.9423721603877,4.516652960600036,2.467630422319582,0.20358056464740115,Noisy
0.08867233248483812,103.30970464411178,-0.017237842108706353,-0.7771912472244793,10.164524948400693,176,37.7217240430011,7.360152827145362,2.413231450617658,1.9575747099480674,0.19479421643238398,Noisy
0.20970177893648223,84.00926022701992,-0.26661985383154246,0.06887670070669216,9.168055140710544,264,39.66695131439426,9.4719203461049,2.531586239868531,1.8804670212306485,0.20037882395621956,Noisy
-0.35979834014594203,235.4235217800017,-0.8997742532694459,3.783415572661971,15.34773522789514,174,107.27767533143896,16.14927214063266,4.241507753247575,3.885479103881272,0.20741907052178932,Noisy
0.4283132286942361,140.1841079153338,-0.5897485530821466,0.8345959348599465,11.847681635544072,174,60.34249543779921,10.50524979725073,3.042794827703408,2.405341317154221,0.20124612060546038,Noisy
-0.14439353592947998,95.8817611245063,-0.09351389260210179,-0.14820700058743386,9.792987828937832,225,37.68201984615466,14.416137596475378,2.737845027655723,2.1029723451493716,0.20362872596366646,Noisy
0.26449762336200183,66.74912523989096,0.07255055978043294,0.011500898001426396,8.174294112194342,325,18.975690040008693,15.51512256920591,4.424696517627369,4.3674286897950125,0.2681034931248788,Noisy
-0.19656389402688326,94.34111598770431,-0.05084226999693835,0.29193244200671487,9.714924258692875,319,38.329537471368255,11.951130841685126,4.243654043958923,4.462796611694907,0.27533032175894,Noisy
0.04483340458321845,133.5288973029141,-0.11854277623436961,0.4266460984214451,11.555557422170537,245,59.83668918430675,17.017445893821755,4.39607738637704,4.159398967391422,0.27601013925434387,Noisy
0.12986662407062882,105.20076258701329,-0.058776093100380906,-0.30249294129946236,10.25756442470925,239,39.296911593006804,17.312916363670933,4.64138008192014,5.099245848616736,0.27467618367091357,Noisy
0.1564864340653256,113.61267881207623,-0.3619685579590516,0.3066860677277701,10.660073490183954,265,37.872141783606615,12.128062085683574,6.856748803709458,8.908531213269873,0.42874954416492517,Noisy
0.2122607462092032,209.6350344057205,0.005158424702080758,0.1821904467750004,14.480334562091503,270,66.65599761716233,41.33081504440544,18.187970243933318,9.583607652464467,0.34496316737181615,Noisy
-0.15640264671948523,207.16471219876132,-0.12010978070394111,-0.30225770469325886,14.394067319095814,285,58.652562337965605,53.86117073506871,18.20878264441311,9.293239921693852,0.2851584297177338,Noisy
0.04905362048903273,239.70425759096997,-0.0394947139833644,-0.08278931237545484,15.482463106645955,269,68.05161600640446,66.88445056132383,27.581450720057422,10.712008186204377,0.3112639635189555,Noisy
0.12580964624605118,202.25518789405615,0.13387154112987806,0.012561133358088838,14.222201515980032,299,57.4419559940348,68.92657274057194,23.002011002912614,9.416070363338118,0.28693344274014376,Noisy
-0.05486427848113488,208.57321225005566,0.049504531467286506,-0.05466407816884722,14.44216820076227,277,54.94841420419199,60.27223818691107,24.552445972295327,9.347749279965011,0.28211303391857245,Noisy
-0.001399828499696658,93.19441353626303,-0.23270383456315716,0.30071943963142855,9.653725472364691,374,21.22121758770046,34.47444953081463,5.481031167838611,6.827203347210523,0.295136303696968,Noisy
0.08395411794762928,111.66604994005611,-0.15573225656293738,-0.21134325032304524,10.567549301232358,299,27.734959637645154,30.585396391829843,8.054508714588891,7.7262721350792765,0.29953113336462,Noisy
-0.1095846729311227,120.07309469802546,-0.010286811400698627,-0.26210456746157584,10.958334887133486,288,37.10317535892976,27.318828906058645,7.078621334153882,7.393904731335693,0.2796626716793032,Noisy
0.30734621449872124,108.95454958596038,-0.38094715205492147,0.49669050329282216,10.442653459802594,308,30.686273786965852,31.870961117651674,6.845110046260137,7.014945657607504,0.29079058662679846,Noisy
-0.3353858945263049,113.89269123600356,-0.26362563312562315,-0.18255625439632706,10.677320587780942,267,28.20215138606168,29.10956544462025,5.697142455553133,5.679327856595356,0.2867219162861735,Noisy
0.16485382939242763,169.05155993017468,0.039234672969163976,-0.21366098841347458,13.003027982560063,161,66.61108275764975,12.423159852360483,3.914406904359029,1.628126091547912,0.2056360744839973,Noisy
-0.07228499162625454,205.6370796204617,0.08442000609018849,-0.5542860591641068,14.340233775656381,144,73.66960408244017,13.375187199950208,3.2058270247883827,1.9682867719869084,0.21092885595373384,Noisy
0.2424195579859113,243.54458754549051,0.10334248393767384,-0.5795042644263484,15.607797883993262,117,79.8437813896543,12.992376066490488,3.4879683359453235,1.6533264493128979,0.21751807118354458,Noisy
0.12046154088297976,123.90088682390343,-0.24660288173574324,-0.10171875173455325,11.131729326871694,201,51.10755958322487,12.928085506555046,3.64034976237138,2.215366465081146,0.21816514377083604,Noisy
0.1408752155567611,139.3774631434198,-0.09962718566077763,-0.25197256426974546,11.806663752719393,194,49.97542200265122,18.435326384153864,3.4290514367535465,1.8894964561775358,0.2138317809920602,Noisy
0.12054118520170759,61.4501882125551,0.008579329789385925,1.914233383535688,7.839943774663498,371,22.16375410200606,18.811660636765772,3.614366432448012,2.999366136694453,0.2794729805124165,Noisy
-0.031078190936722316,52.446002857360114,-0.39785774933484763,2.2069764657764255,7.242027941903567,378,27.520532293001622,10.828344756934822,3.107204394993474,3.0945925469678475,0.27053931293299044,Noisy
0.1580532158710487,56.95270575414468,0.009898405952368135,1.9400647515238632,7.5483565478315775,410,29.925855088231412,10.171832845592762,2.7544042108380045,3.663050731028063,0.2707228880180626,Noisy
-0.04844186188084926,60.5837568359669,0.8092571891449588,10.773345511114174,7.7837075645189415,415,13.130265020082877,17.514614182457297,9.768127522647243,12.38146510497088,0.6576741846494587,Noisy
0.1373134902140135,43.82565714637418,-0.07292153492051791,-0.1086122144983257,6.621518869637761,434,9.876425749874516,18.53453400290498,4.378375838563737,5.015099681304747,0.32209338468176507,Noisy
0.02996802249537416,164.1661994179715,-0.11918366932966956,0.08505673916924472,12.812770875198845,282,52.64158087561631,50.07033933845717,9.388135575457316,11.308667282948974,0.6430005201573992,Noisy
-0.2354347598408927,131.9392412160029,-0.13260260596580958,0.41972947777218383,11.488893364556231,288,45.94491602908418,40.147205522916764,6.8020057340352595,5.70716402966049,0.2981012269112717,Noisy
0.21080487042218737,136.88799301958525,-0.1588082787788367,-0.15731115015822406,11.701813180570735,272,41.01560490755221,54.693393503103884,8.363075425012171,6.279116328082677,0.2893608337021303,Noisy
0.000989892818122352,146.4928986532246,0.06931579940097071,0.14654259066745112,12.103425119903553,262,42.590953165129044,51.97568349109697,8.661566607472812,5.633695482111928,0.28583663276835203,Noisy
-0.039789366563461895,124.9876180204037,-0.05332976079487271,-0.15517829410922257,11.179856940681095,256,40.86750168320326,43.30131432514695,6.4188746489228325,5.142843153996851,0.2534015813669651,Noisy
0.24607837851454922,67.92166577819097,0.02519847112585634,0.05722353318267581,8.2451331309181,278,30.670061923418686,11.415369921571505,2.6922517036616007,1.7386063530095528,0.186993969885372,Noisy
-0.1267344466164625,64.83771546697679,0.05139255878140996,0.03297653097397202,8.053184282439833,277,44.83462510361896,9.935091822426559,2.7399987740544334,1.6805468202067382,0.1976549347749133,Noisy
0.15548013273460642,71.88790055892828,0.17849091599167552,-0.14161474986397948,8.480098739437144,279,35.62061087639107,10.206679798051484,3.6489558341866966,2.0079032195693802,0.18752438843355218,Noisy
-0.08836550726759837,73.24516499038425,0.38936577396275,0.6107513175548664,8.558795093543186,301,38.81233936180029,12.686094167646836,3.60797656486747,1.8087907407002493,0.19174967127265868,Noisy
0.09545492660888256,71.9937995416349,0.22606333615022645,0.17280256468837774,8.485452915705137,281,36.531221997260154,11.872011463719236,2.8623015430657333,1.95691833130985,0.19526689577122075,Noisy
0.05199006798327259,143.9225181704102,0.0032250818081764037,-0.17228412568584917,11.99688380945565,210,41.353157507981855,16.73377532935254,7.633990983575572,3.836470562696504,0.23212731621284205,Noisy
-0.19936449622776445,138.60148150417808,0.05141636389252134,0.10548431193535412,11.774600957422473,226,40.2043321626423,16.202998443194605,7.341368718156289,3.533552891051186,0.2809073600077964,Noisy
-0.027871033131295766,127.3228063182031,-0.2595962551761413,-0.2589428429696783,11.283775215445,192,35.10074618454185,16.027345449909518,7.238396144470018,3.202829070431427,0.24631333481730766,Noisy
0.4995130902364895,102.1965403870813,-0.29267645666348285,0.11626662790794651,10.12156379787229,261,32.17175613921276,18.212297519467953,8.202798856255072,3.7388549719284034,0.24851603016655122,Noisy
-0.0840951827792666,117.8619317431269,-0.09458072104098204,0.1188572136656636,10.856749225384807,255,33.49466108641913,17.871877676590216,9.07025034635073,3.5739724297825353,0.24403520189981817,Noisy
0.10551539428332839,100.24175393234842,0.1650935829034004,0.0012355929698970591,10.01263638762435,300,39.14273186004406,12.116895251358951,8.060232518219097,6.918661485283011,0.3143154039307191,Noisy
0.02620136336598951,128.06021510780968,0.07400659342319227,-0.09968182838259798,11.31639967565886,267,37.214782269309126,14.082445776732321,5.984653250148245,6.924634799077477,0.3309939176297732,Noisy
0.3432018426370881,134.69794800521976,-0.23158267161033388,0.7184191355024505,11.611017849870409,307,43.70992728260295,11.628447353561485,7.532188467030772,7.108524513430423,0.3366475401082719,Noisy
-0.30523863295398623,103.58122301981933,0.14983875698796664,0.19741598752091916,10.182062347229413,344,38.14353277715523,13.444145504954863,6.572778828174268,6.525540441060012,0.3466174436035484,Noisy
0.04541987054393508,201.9828041011797,0.013314159570202988,0.06765622555943596,14.212138018814056,221,69.7720210190901,18.565615741436716,9.508170952773241,7.87940874308179,0.36292454049786177,Noisy
-0.27252956946666657,183.04814577062774,-0.12403977418837574,0.6151124512756021,13.532273206555557,235,54.626417791109745,47.836717957602644,11.883441550514453,7.64400709896956,0.009012854968136806,Clean
-0.11783044803499998,187.8875799803866,-0.054100443872872224,0.2024044178507043,13.707715491462125,237,50.55993192015459,53.09329037487824,12.212653300029451,9.43637453241392,0.010793113924992319,Clean
-0.09489811796833313,351.2535942408327,0.08277908876094686,1.0849818952934065,18.742000957571914,161,144.43733134068253,25.296781717665382,10.940313605294914,8.631396711872384,0.009289383039699055,Clean
0.2747887334999998,162.696456338242,-0.0991666486201715,-0.08898316769932357,12.75821167665361,231,47.81417500931667,62.756677320271585,11.01027190051239,8.634526766759913,0.009975100463669737,Clean
-0.17080766238500042,454.8720982353017,-0.8474014656371335,1.9961560573807153,21.32841469713188,183,98.71346790787943,46.17976934704947,11.968072285512577,6.896524293553952,0.0061471274579550095,Clean
-0.10165269924999995,204.23331217864737,0.32888220990258216,1.155500769736106,14.291383608661276,211,67.48275862248073,27.706527458480224,8.153667643707603,5.886747866959053,0.1168341464625615,Clean
-0.23453028322999975,185.756184909123,-0.035235498556216334,0.7102838333329244,13.631257805605284,207,58.81847222962355,30.205486632710127,5.541802893324993,4.319929372029727,0.10467540239058676,Clean
0.08138532806666679,245.8059786893841,-0.3228508514446973,0.7716716657665481,15.678411981479778,187,70.55758620238177,27.52678914005788,6.957621871716891,5.025113276035596,0.19899833877565207,Clean
-0.011218443566666536,127.90060334153621,0.007248008599295017,0.4990305647433795,11.30932045681845,214,45.14321492452366,21.341984407129836,6.301481849302527,4.169933557500671,0.09530540426057336,Clean
0.23330087320333345,233.7128216378269,0.20526777574199737,-0.18790177833478694,15.289449006921876,181,82.89408504022734,44.007576361341144,8.294968815061576,4.681485815054884,0.1157474501703998,Clean
-0.18720306785,97.94255567864919,0.12984115644021713,0.5256028443600673,9.898363534810269,521,16.45031785805897,13.796702792086137,29.949569230082716,27.082728433699366,0.35389845542418896,Clean
-0.032640891299999905,93.82231317766636,0.16247612623757093,0.19400169454955307,9.68624687923301,519,16.759476633652497,15.656163198762172,21.693171099864937,26.558700077663683,0.3654894459342452,Clean
0.1699298131966666,98.28014871773586,-0.05606104389147119,0.1471216233242849,9.915090764039878,490,23.436087769164814,16.79522270937169,23.301560079741385,21.126366770728616,0.351274341469067,Clean
0.06006695684666662,86.95803550315372,-0.06155631376409296,-0.04890785861221181,9.32532270446758,430,20.54267840478319,18.535740795174867,15.635190352104008,17.165509241674492,0.3269072611169791,Clean
-0.012631844816666765,91.67564617282001,0.03768184131943026,0.02907269659198608,9.574748338015128,482,17.12996704351047,17.04326831877341,25.651759808669652,18.928841663875314,0.3361354251760418,Clean
-0.07277605245500005,77.95214474759563,-0.11471413644776794,-0.3219468451137737,8.829351114402833,163,27.20527778822474,7.308974933621402,3.6802308345127726,1.717980483855306,0.0037538517411179243,Clean
-0.33157103334999993,111.3397240125995,-0.15605619057789524,0.23152404434622564,10.556972263047596,154,41.03184663091184,9.34764047496643,3.9617622118252056,1.8477402343853362,0.0034743724655972256,Clean
0.3434733762833336,148.3039221237628,-0.15152227153145406,0.82036823191293,12.182852542979344,163,34.812648661200086,9.474211496266838,3.5506550388540057,2.1281062268115547,0.003627325967053604,Clean
0.19201887071666687,69.94908253832641,-0.09880416528649318,-0.06128037981178158,8.365760801328097,186,31.434334920593116,9.844688532677743,3.5327346405224276,1.9863391204616323,0.003907629593870585,Clean
-0.3796405926666666,124.72084068344701,0.14426324649498903,-0.27315464054851946,11.17429942605116,134,40.67423211459013,14.323304926268342,3.7440134846685558,2.448306887023375,0.007075033611790803,Clean
0.024397689933333234,120.20161349541931,-0.2368212685206428,0.010274999763405734,10.963676789412089,251,34.82558824858052,30.374294897313934,16.822342941491492,2.6163425033806584,0.02789267220856175,Clean
0.1115637596166665,90.13724867312051,-0.1954937973600865,-0.11691712829107193,9.494719329478903,261,34.83143472503573,30.464131866206046,13.700681768219006,2.4787117452805396,0.026767375732875423,Clean
-0.0023522857500000403,138.55727336578883,-0.06614799219451414,-0.0962486178148052,11.771035591613725,207,49.79998300624427,35.254687743665315,12.449252308788395,3.0719776715211187,0.03024547633395838,Clean
-0.14999692953500005,111.79319718480637,-0.10250361119373887,-0.24385085125015227,10.574294126024503,228,43.4298712889459,27.270920887934864,12.278312806551291,2.888727066518335,0.03199704426863802,Clean
0.010264825466666556,114.12862067057388,-0.1901012454414707,-0.09629541460881397,10.683104700283328,238,42.46280442032337,27.888316653532687,11.17569970273755,3.0395482373603095,0.02887353145168381,Clean
0.008142503146666247,296.9942511241923,-0.19909858932915694,0.6907880262677017,17.23352307058977,199,93.71383468233186,20.76136832998826,7.494245101877653,5.946739637532538,0.0896480350751519,Clean
-0.44673690551666656,462.38761286343464,-0.2966403948260714,-0.06260919670710496,21.507840122294596,133,134.75898758703556,30.312791359901805,6.774637333370903,8.70707755912129,0.09835136479439774,Clean
0.2418645475500001,257.8992760858322,-0.14811002834813636,0.001770494234336173,16.061063929428638,165,84.6537612517835,17.58120153940066,5.720755045315937,5.390584226794389,0.06317228174001994,Clean
-0.28716055663999995,295.3128913261632,0.17889126694124238,-0.011437940802447422,17.1870693403923,144,99.00135221003517,16.817698047663757,5.9206783802780985,4.911992357941128,0.07514818903597147,Clean
0.8200151352933333,313.5097987496484,0.07245937986831313,-0.1850385755848043,17.72518613644885,129,92.68692147069504,23.275004937772305,5.794532356595083,4.674536927208366,0.07335237087584312,Clean
0.006889697366666856,145.0366752582175,0.18886665117781343,0.16275585020020378,12.043119310467173,155,43.284078095457794,7.61798581801068,2.786214962340068,2.7359728768743397,0.05809732484117175,Clean
-0.22037552388516662,132.43216434694995,-0.5360922703597435,0.639272562432958,11.510027355244539,173,36.93187559931035,8.4298475856727,3.620681041195124,2.97143630384024,0.06086123760711814,Clean
-0.6620311798499998,233.97044667403273,-0.11899209739231026,1.2536135699949176,15.310412533864863,155,45.251732382940766,9.962091596175274,4.584127920516838,2.8640362762828873,0.05688161523620386,Clean
0.20126104095000005,314.4888479778302,0.010052111294024777,-0.20084349480472152,17.734975443581376,121,61.92657758001224,11.916798955369416,3.978321032920005,3.484913590886047,0.06789577008457386,Clean
0.6720518126833332,143.95958581899941,-0.05032841438221589,-0.31224166576356716,12.017122761207457,157,41.99995449014953,12.591006573282193,4.167666445824145,2.929110080156114,0.07644416875821686,Clean
-0.15846695678333328,113.74812290496389,-0.010309507939458448,-0.10937439965455997,10.666453706896029,189,48.13364836406465,9.731545538285756,4.751148024568742,3.642148968181612,0.08612642508504387,Clean
0.19008325653333336,123.00277441055984,0.06346822384089815,-0.08766999120189523,11.092290388146813,186,51.157990121790945,14.546422802465479,4.272591956339629,3.7068453601450884,0.1133272598416273,Clean
0.2086312620333331,147.8969677497168,-0.2204718483615865,-0.029126941213684976,12.1630791641432,191,61.707727472600865,18.245112243504717,4.361076910268386,4.057166148780471,0.0825015164974689,Clean
-0.1464989718666667,159.8536628972046,0.07856647101325158,-0.16288511906280734,12.64417355329966,169,51.38335260793061,18.49076510187871,4.801027306540681,3.856998642613374,0.08614078165022312,Clean
-0.11311382169999985,233.36975059634983,0.25617205207240484,1.532337850749367,15.27686307240493,159,59.953256704533665,9.577004590885554,4.348071947236001,2.6678068328246662,0.05987859413863115,Clean
0.08165204878333339,99.83647901399065,-0.02558904051730386,-0.25353328569707756,9.992154225744375,206,36.8522601877689,15.565589447069764,3.681887226081632,2.577164224758589,0.004562265708941057,Clean
-0.05852065417999999,148.21860346543957,-0.03121939404446564,-0.21665976876284887,12.174646940770202,140,47.94118399941833,16.883682970182967,3.39891902866165,2.5708717952717364,0.003673229227019817,Clean
-0.2557176475999999,130.61232674043072,-0.1338594037782034,-0.11111451015698393,11.431435529089283,144,41.30093102924374,14.872854980543911,2.9193856888161474,2.2541656430969663,0.0041049126561212455,Clean
0.42457323558333354,169.57785898933844,-0.08904134085641555,0.6701740626342509,13.029125888627838,147,57.001118655749295,16.872403923634188,3.7526653534052716,2.5045943776902013,0.003598963790698641,Clean
-0.24630729115666655,122.53813269919273,-0.12929056445290313,-0.03987477509244064,11.072434239175669,155,35.950421471285026,12.946035685491301,3.3108914174917174,2.294243240877218,0.003798039392186575,Clean
0.18052437233333338,71.52384127246341,0.05594316003722628,0.0664311287759185,8.45910339938399,188,24.82878713734851,8.18476030758416,2.482602354699094,2.291670622673356,0.048028116024730685,Clean
-0.26838028665,94.89498204964652,-1.105158898842902,3.7240112139986845,9.745101848000813,205,32.25878595485806,8.087115108918315,2.2628221368807204,2.744543659461262,0.048874241211543074,Clean
0.28621922226833324,96.28972401018773,0.2587670626989163,0.3393889288789458,9.81690610393028,159,36.57354032184222,6.3253964645586445,1.8590733194820035,2.0277741442237454,0.04057059595877676,Clean
-0.014787180433333295,89.52523272331995,-0.080003722703238,0.0707005732190229,9.461789016038411,164,35.81960214733595,8.712415872549835,2.022278020000222,2.2156329389670204,0.03892549483023542,Clean
-0.1774079795,91.52202768448147,0.28793535862173286,0.22314770882736346,9.568359382656555,195,33.71614538453477,8.630075708663979,2.642974023533346,2.7789000162906805,0.060447793052536926,Clean
0.10785436860433326,79.58965935684073,-0.0005820045122167726,-0.3224125140604315,8.921955610832624,210,29.066903206551597,13.459079914891188,3.3761181382575085,3.192076598315922,0.0026822070006490973,Clean
-0.055138142924666685,102.97374641449377,-0.23658586526119588,0.6893327329779222,10.147747859958827,173,31.87497259160866,9.675678633198721,2.8226955066114727,3.225310177207888,0.0032987247490870258,Clean
-0.020272151562333345,60.175132793488764,-0.10192655057081945,-0.08905449940085708,7.757289717009268,220,26.036956692510394,10.028501452142242,2.663155725723505,3.623270379541107,0.0033259103312837214,Clean
-0.034266247757999885,87.06394341584893,-0.32119736228346685,0.20236891499542065,9.330869069469593,211,39.983342284577574,11.611448676136078,2.4991173584965556,3.815712856617958,0.005611397593718885,Clean
-0.10769521321666654,98.94327329235253,-0.1039017641634964,0.35334321503963384,9.947606322694034,216,33.65491508205551,10.604891215747553,2.7569811957062336,3.594241237480066,0.004502035251326017,Clean
0.22115464203333338,28.16247389010664,0.18399764606243707,-0.06562722420601164,5.31143890728299,341,6.972802576235083,3.631015338183448,1.7714058962274712,3.9844183437311047,0.08481697588252568,Clean
0.019916381466666622,30.348841724351484,-0.33410378428287596,0.4862498824836168,5.509014284479775,374,9.53770792442127,2.7685233408863263,1.710967803647697,3.874091919071879,0.06077367629990764,Clean
-0.06088907288333333,35.75775462696577,-0.13965286489136422,0.2070755524877277,5.980088804203694,322,9.271782915920847,4.665531257178122,1.9263763397670561,4.523364039391702,0.07916509181261315,Clean
-0.061173281308333376,31.11673608528258,-0.17452068445519836,0.9443667392116466,5.578573137965353,380,11.297188078033304,3.6840119759657646,1.640903368306285,4.10297062978827,0.08197802921719305,Clean
0.025536299291666675,129.38872783864176,-0.4988164019576728,1.6355381671851683,11.374945272010029,238,29.922964909922,6.148668360410321,2.4455624373525984,4.54899441114494,0.10853371611752077,Clean
0.05553629853333344,67.7143907627585,-0.18984120177286687,-0.028351020197625143,8.229062828974712,348,22.218092135778498,12.249442066845155,6.464382981135973,8.802853301010636,0.1307911688268619,Clean
-0.18981287336666686,97.30651624236543,0.2441915977891546,0.04082068194712818,9.866232572226398,313,26.046773101637886,18.08477968905233,8.437275397706074,10.241491186111759,0.15487421946986885,Clean
0.18231929454999998,62.12304274797532,0.07583955956851098,-0.18095534303505323,7.883925613115621,360,14.99021258267668,14.219269123669271,6.91114277363162,8.659937585912873,0.14932978071966982,Clean
-0.1125236179166668,68.37280640600079,-0.028179628601393496,-0.15896422551347023,8.269550651068643,314,20.31966618237042,13.569607024794687,5.833799418359616,7.602235674169428,0.09788119101839313,Clean
0.17136777301666667,81.13467528575782,0.18593862679615636,-0.21621298741192607,9.009108846017263,298,27.7629154165851,16.14605066429701,7.586837171456759,6.768957820679607,0.11044365945658322,Clean
0.0734713918816665,205.9817513977256,-0.46050576115634895,1.4808977447848664,14.352252417065088,141,90.22581999070206,9.41451731764442,3.618619217868581,2.134681526321135,0.0027256924893446846,Clean
-0.38358926273333327,174.68652079369934,-0.26660452866311896,0.4584974201579226,13.222468056916743,144,74.24036623435344,10.857982871199674,4.178728328723725,2.6398694369469022,0.0024362147602815616,Clean
0.5811414783166664,350.71199272981505,-0.8028087252709892,0.8763672107668845,18.73632082740993,104,151.5731807978145,12.146498021609661,3.651186352448318,2.6965123162240565,0.0030100092535105152,Clean
-0.2829284531666664,190.96584373382427,-0.12826651356900548,-0.42396543679876686,13.821935184460806,126,79.81067154512635,12.840745760588668,4.126291582304876,2.5023748374475745,0.0032987899942334615,Clean
0.14159332354833323,172.9890092026094,-0.3509510919076142,0.45059072644702214,13.153290762082424,135,71.61795951470313,11.515529334207818,4.509879322835145,2.5517163402967764,0.0030277088544940147,Clean
0.14437774619999966,490.57966682940844,-0.16575190174787469,1.0622173043157934,22.14950364597379,152,123.43059554668608,10.438373559707665,10.344276943812194,9.555976253644136,0.1646233606142717,Clean
-0.00685440476500033,299.87304048415683,0.32755728978451787,1.5340631880244713,17.316844038883687,171,116.21698329758333,10.006260772784998,6.5795139538049305,6.16257409984758,0.0966676333546097,Clean
-0.02344456078333322,385.1859741724953,-0.3747283375760393,-0.024120981627624882,19.626169361847605,115,133.4472362915545,11.534219745577534,6.012801113309052,4.783355136217739,0.06632248826285288,Clean
-0.28854458763333357,597.3331782290581,-0.6234882228857246,0.7651232054602257,24.442103759867127,123,168.89016039405846,12.411865023239097,6.052679302438712,5.343293228265846,0.05120800611063492,Clean
-0.3317092752983336,484.6078576671773,-0.3873869517514299,1.1297572052028588,22.01630960698219,130,172.38858446669653,9.293800123963702,6.412767543893517,4.927183988789053,0.04382645492247614,Clean
-0.026478948399999997,75.92189388361983,0.06185842527996807,0.3917709272872556,8.713357275948704,249,21.56738559129502,20.322308016771903,9.517667773578786,2.511045053604572,0.02504043634260059,Clean
-0.028693656798333297,74.198431806733,0.1011564958734518,0.12686044971292443,8.61389895068856,290,19.689663637030865,33.856136248183084,8.605439839385788,2.498745637939928,0.02813421624209604,Clean
0.05154426204999997,72.74758384888483,-0.05827033733650052,0.053237448195949,8.529375162333706,279,19.54352599962519,35.921430734479905,9.125528432998005,2.4548254654813615,0.029742694507649096,Clean
-0.09414405836666676,78.00466939887846,-0.09851119434983883,0.1927003902833211,8.832526960196851,271,20.76601887731605,36.16433464438313,9.57572041987286,2.8265419922281185,0.027841384883191756,Clean
0.07548465090166662,55.596745309035235,-0.056410383055061825,0.1493218357826862,7.456704583229576,239,19.4351020769225,15.594205917520787,6.014494822417978,2.092682095706977,0.025552216791280103,Clean
-0.07550369480166672,31.38839179484377,-0.10802235723756975,0.20226981787914333,5.6030431555336495,276,11.187104733138392,8.29479854307497,3.3497096900950862,1.8006633064379205,0.024845169527316045,Clean
0.12113503623333334,29.104847225432334,-0.04191039479466301,0.054448407632933016,5.3962506356205875,364,10.98843040517832,8.372063273659794,3.565886391390337,3.101323303037429,0.1188454115263024,Clean
-0.08980074763333327,47.25308683001361,0.14714339959467007,0.037365341286441645,6.874674610793526,303,17.49587698016063,10.168243706614714,3.6302716737697205,4.389191390530325,0.11739292389573512,Clean
-0.020091739849999974,31.122925047406206,-0.05156233427347118,0.02825722851256618,5.578828615884916,369,10.325408675160944,8.269409754893086,3.535018458758694,3.083819793953191,0.11823193048051517,Clean
0.05718417120000006,39.167968612417056,0.08387221022792259,0.8358354241557526,6.258693045824574,324,16.049779217572727,10.127909913295765,3.9358081412299644,3.2933804142128973,0.0890316546005025,Clean
-0.27580422082000017,135.7905904132839,-0.8501075884571034,1.2767275891565397,11.656185412968775,191,54.853268788953216,14.887765350058114,3.3793572565740906,3.4567210553106427,0.005289089547416719,Clean
0.37445419883,200.57801628284727,-0.9418606061405563,1.2330673348411088,14.167506210687492,172,107.20487721061392,15.373662842262556,3.245547369670465,4.161163902418854,0.007705083015066076,Clean
-0.1603690100566666,122.99163752037703,-0.7016389227726423,1.6805980276996886,11.091318935986088,225,56.856043586487424,13.196329950640598,3.504055079525566,3.300695715021635,0.005203946089409868,Clean
0.1982777613766668,171.2774223090634,-0.5732234824861274,0.5511596587761072,13.08880194592767,153,76.1550963123559,11.42672179789489,3.4259609149181864,4.065477682273328,0.0062642567690954516,Clean
-0.47374717265333327,243.84757758420795,-0.6764348399004073,0.7526070663925744,15.62280429269358,142,86.23539802478567,12.389366052803167,3.3756459329495536,3.7041766016339657,0.005907513855076977,Clean
0.008071743652166693,20.76193920100935,-0.014810919536559618,0.02624024792134083,4.5565342480941515,327,6.738007797014642,5.601874637848169,2.5208075350019903,1.5775019496078186,0.030393168464931324,Clean
-0.07685697196666659,33.82938478370747,-0.14020216578629618,0.9584360555460059,5.816811134792616,270,8.023410888229591,8.298088435155933,2.9983172850272406,1.4530613123574836,0.022723473691713632,Clean
0.2168395380366666,20.171164393395365,0.04735671205592989,-0.20565337489587066,4.496463474626623,321,4.3653429062303095,6.962137201123439,2.8659417667856033,1.6447597189935368,0.020457811872402316,Clean
-0.1419967049000001,24.839377056855945,0.039713653876619924,-0.04403211316807454,4.985934227510268,297,5.776653571006298,8.085559506159493,2.9760427537800913,1.2892235970472328,0.024403739915930613,Clean
0.0029326778999999637,18.489609559020916,-0.16570946228115618,0.004025535145084191,4.29995559972665,339,4.531849160471401,7.050230652125555,2.8997904620301975,1.2818724387261207,0.018120416005596406,Clean
-0.06455783604999996,28.703538841997485,0.05906242548452943,0.19692342128264562,5.357957311904691,310,7.059627494453413,9.77292557443815,3.6182359316232717,2.2292101661394086,0.04243245575196486,Clean
0.01956727885666665,24.117557829761974,-0.06567357325051586,-0.07368546561391476,4.911002006532255,352,6.763065530443351,8.418293165936655,2.7581448081047553,2.665671272499959,0.05509487454412737,Clean
0.042790585883333294,30.387062575787088,-0.1346597532699717,0.1935891697084129,5.512612231059548,340,6.513235390796877,10.69995346701334,2.9016802233837047,3.033765373725425,0.05343941029993611,Clean
-0.02867969666666669,31.99707441201198,0.10468082328840075,-0.03708322025740962,5.656668360175703,375,6.271181354029497,9.840252617386557,3.4951032779533806,4.631670451243296,0.07336749552313067,Clean
-0.04484260978333332,29.763229240919998,-0.0291470307899818,0.21332662875021313,5.455752936174088,415,5.859965907251739,11.891618111451365,4.079320809470599,3.975425422431549,0.07725414546050455,Clean
0.08540929359833319,91.19667919217513,0.007151411437260098,-0.01717897864335205,9.550077169301204,314,27.97460812533934,18.138961769045288,7.239234943428287,7.191304530879678,0.11711455277562531,Clean
-0.3354735889549998,162.28319450327638,-0.00998674773038425,-0.10054646358722863,12.743458597734083,237,61.45685712185143,17.87867638355061,9.179826999643828,6.716055593658733,0.1237747238944267,Clean
0.23711411641666646,168.44333308977644,0.14958985541821848,0.49313842530730145,12.980737890966774,237,46.68351482095051,17.768101118227055,8.905841501437553,6.8440223616285945,0.10232331217162707,Clean
0.16109017055666663,122.01848816593666,0.11004298414408117,0.05464962452304878,11.047372457240078,263,48.854859047452564,22.859365350328382,9.349659043015244,6.719983813201487,0.10336409529757482,Clean
-0.6268776070000001,115.20248055847239,-0.011172883518334592,-0.03680842347574309,10.751532732249409,278,35.4473528785311,17.202132740176776,9.471458073758193,6.630256613971199,0.10839417705283642,Clean
0.1261504458166667,92.99627586512254,-0.8352867851796044,2.1287695738503496,9.6442827519781,212,34.730263628015784,15.671965144705673,3.8535994477107525,2.627052252899627,0.002440199633270639,Clean
-0.19505274005,63.70128959746915,-0.8297227430807108,1.6175760462026165,7.983691825770216,256,28.150021096304553,10.792287874605485,4.055758550106511,2.034967450297829,0.0017289407827498031,Clean
0.26878338353333336,140.3576920276315,-0.838356392649514,0.8202746501329865,11.850313773689503,163,65.65937183166236,17.438668449433887,4.09753346796579,2.6210451641599786,0.0026832857631124076,Clean
-0.026024829356666602,99.1949709869577,-0.6550453920701851,1.6073142805491134,9.959701214328707,214,39.198612848242924,15.250337518080547,4.826513072837311,2.4063115480547554,0.002228306159636045,Clean
-0.14958458356666676,136.72562522320496,-0.9589141478646139,2.143043971910413,11.693930082348098,204,50.004741337694725,18.372752850539584,5.371195051806061,2.2489135197992725,0.002486319057479498,Clean
0.06317812986666677,71.54517012781265,-0.30436054236766197,0.3188815667569216,8.458673749702497,228,35.920036839824405,11.831914377337593,4.729535655461444,2.736409069043301,0.0022120805882168693,Clean
0.1279195331183334,197.7086747007714,-0.36507366640750905,0.36150222320260994,14.061473539701472,171,66.6677272163633,31.75990034099062,4.958033137757008,3.456641565024777,0.0033823542680554864,Clean
0.1414010596499996,318.4176155175496,-0.5332247248235669,2.2255875358105293,17.844820250627905,145,93.3166369976814,24.160720732388988,8.219422804520665,3.163398809903964,0.003281046899130242,Clean
-0.14190672138000018,377.5585594705289,-1.5564739428650076,7.222100234357994,19.431384330204107,193,129.7743809753749,27.814164271720323,6.606724785195663,3.723222682584253,0.004242966038410204,Clean
-0.09044930604833341,262.76424710648405,-0.8139086660446059,2.098750336624337,16.21025688209316,174,90.78048521630546,19.20301249861181,6.70708554523634,3.694732846765799,0.005335403262152678,Clean
-0.009667947833333263,151.49012224170914,-0.16855991175586202,-0.07192139226242267,12.308136159099169,176,69.79170070501962,27.746410189997203,4.6012002935936165,2.1342909495408158,0.0025480120088786674,Clean
-0.12624059487500006,157.54448621453648,-0.33624917946124944,0.8853502350385734,12.552307473223035,183,72.3821965712937,41.302252127393245,5.197340050422674,1.7984014428881887,0.002154041801625108,Clean
0.15094776301666657,148.6592132955038,-0.42623359189112364,0.3484945349724726,12.193522810191629,173,63.445017222299285,29.466598523814643,4.518406401642541,1.7828252055554523,0.003301090515648223,Clean
0.003776303533333286,154.6446919509742,-0.39278516457831214,0.5213336281654399,12.435622469801928,173,73.32159856794219,34.60439414920901,4.859890198724438,1.8065101547242113,0.002952196613662756,Clean
0.10781550878333337,155.12073092225825,-0.5885328155142877,1.2971518721122406,12.455213972718111,182,88.76387955019675,32.39397799675818,5.026472850642986,1.900031049158877,0.0032722494410854963,Clean
0.3821844444666668,133.51288973623176,0.7498152940169709,5.437398451112747,11.561096603948261,199,53.34437436741417,12.002026775151524,5.271720276002359,4.393400341044931,0.11305418709801933,Clean
-0.5103212598666667,140.76631397872748,-0.43084832912241783,0.8962330952749373,11.875468065175344,232,39.75973859764159,14.794689468657094,5.557950580277729,4.4086912655608606,0.1144012325309254,Clean
0.010850143538333384,92.37034636870595,-0.0706636234914229,-0.4053431854943117,9.610955420473074,206,25.544945507584785,10.783869464864704,5.297823325502834,3.6288398614492974,0.0829299670552643,Clean
0.1950578985383334,139.45703224047747,-0.5052341946630541,1.7224440130296008,11.810803521533142,206,31.868062831122803,10.190294755553593,4.442706306820111,2.817314565423702,0.06909072200400264,Clean
-0.0512731152166671,260.34646309192664,-0.5115218094217221,0.42419023367095265,16.135336749639617,148,59.634770023708576,13.481602405586909,4.377619286756143,3.2888152153659096,0.06970370195798525,Clean
0.18822486096666655,287.0115950895421,-0.8896412934112664,0.6514949727834005,16.942462149517347,105,131.63941819216555,18.214840874994824,3.88597193713103,2.3267105674578588,0.004870121330924781,Clean
-0.2423025614029999,384.03714686629473,-0.7853462380794349,0.5368036787297212,19.59836364081341,114,213.24673780136902,24.67751001541862,4.34912946922072,2.4960711212126694,0.005190996977427199,Clean
0.08065513918333372,417.1410504539037,-1.4600018265499635,3.3243789795575713,20.424190454100756,158,195.1116770917863,26.998733537002824,4.392208734833812,2.492019790028611,0.005270428527903934,Clean
-0.06904622508333311,367.46103194535795,-1.053003796386165,2.3042275236457783,19.16939746905354,143,212.96673803759697,38.74777781051014,5.290279735831792,2.9672418558060722,0.008249655197229092,Clean
-0.02809611241966661,326.8906945262443,-1.0280913161440643,1.7257937088163606,18.08014059452463,149,181.4304241342911,33.97504224686731,4.510398922154674,2.4557909754697405,0.004983993014750088,Clean
0.04487932633333329,102.63353813354654,-0.01696174164310203,-0.7659418133064189,10.130920604144455,122,37.74736798409049,7.323714585401511,2.382693794436414,1.899040349466863,0.0030520442470565057,Clean
0.15864084679333326,83.30855095249245,-0.26100502748255444,0.09301012357277427,9.128730353710957,178,39.867096368494394,9.457124049396487,2.5342307062205753,1.862914558037219,0.0025602717312723385,Clean
-0.41949402178333345,234.79384261119398,-0.8690948958761947,3.6548823725359325,15.328725251810926,136,107.12940118309793,16.12147240954618,4.199334290921488,3.8398880737059486,0.011321621145136136,Clean
0.3782256453666667,139.72699245500934,-0.5722280465713472,0.7682069928726865,11.826666778675314,136,60.24291373270517,10.44019985429717,3.05808204656946,2.3988852034308916,0.004560482894860529,Clean
-0.19426799137333342,95.69976211631597,-0.09528830456486587,-0.125709937532116,9.784554265207394,163,37.765831045457766,14.527380772489225,2.718088138716046,2.082784046219812,0.0023018303766663725,Clean
0.2233890552500001,66.08884057630961,0.06506498020059494,0.025189577785701633,8.132572978234816,275,18.91469648950652,15.441641495335508,4.396656579153056,4.3640580110334755,0.07610306347463033,Clean
-0.23989891067166666,93.93501091318267,-0.050010209771419706,0.2810339639044561,9.69497614233909,250,38.385682383281676,11.990790768918702,4.222195555023382,4.4219318651878,0.07832872266264859,Clean
-0.019948956395000134,133.3318117915358,-0.11996795759043007,0.42091880059644327,11.546956731208317,197,59.83454360417532,17.021357129253648,4.394520545283013,4.131484386874602,0.08190543998074998,Clean
0.07381992108333321,104.80579803401261,-0.04438433474087448,-0.27228749571273214,10.23773643999304,209,39.293649780368284,17.320922953672426,4.652902134877094,5.034104886303128,0.0783032236395059,Clean
0.1057262489999998,112.70574966907674,-0.34513326902449065,0.30133093851697845,10.616822863211214,247,37.645100194515265,12.128807068276211,6.855873248393987,8.838008536058478,0.23606232240650413,Clean
0.1544797873666666,209.00212215074322,0.012903344267041976,0.17588921720282613,14.457731016845212,248,66.73230703257153,41.45506358016281,18.090775318790183,9.57254909213026,0.14023073535843222,Clean
-0.19657632394833316,206.91014588769693,-0.11858833109933259,-0.292607521632398,14.385714724643819,249,58.72050078905059,53.87248678054477,18.195273999301786,9.294101415193277,0.09444843382404076,Clean
-0.0020456758316665285,238.84192258953198,-0.03617002711332152,-0.08797465858057318,15.454511534640025,253,68.02112006756462,66.80350140531414,27.52653987218332,10.658705236133185,0.11680997051686608,Clean
0.06846170298333315,201.88575676269232,0.14026473079248533,0.012268477023464008,14.208815706013914,287,57.52762551564824,69.02699152720982,23.061309725019115,9.472229069165062,0.08785983332890049,Clean
-0.11101468847999998,207.85393346710498,0.059057796884688395,-0.04613431381569866,14.417567677252752,257,54.95272553610319,60.324503749618465,24.480072503147316,9.285206822602415,0.09350227235166958,Clean
-0.0464332820716668,92.62995245908408,-0.23072151418773593,0.2777114467098496,9.624557574702747,334,21.198801066554278,34.31956650770009,5.449527165738221,6.784394315266377,0.09900835415656542,Clean
0.03206253955,111.22157999507671,-0.17238611465094544,-0.2185042690452983,10.54621296966447,271,27.817934180025844,30.558444590816507,7.998215809509243,7.69179961502967,0.09756640500296831,Clean
-0.15108368451666654,119.85050585237953,-0.007060364443565121,-0.2687307311470599,10.948668052877785,268,37.11059256323219,27.420832725960192,7.0984079041112444,7.410528470764544,0.0938995340005742,Clean
0.25818863299499994,108.26768982399344,-0.3792143232272635,0.5166778487534165,10.408378893670296,276,30.73410111904887,31.72296198431894,6.851097303615317,6.980161075716048,0.09821057369216932,Clean
-0.3771789884999998,113.7311221262074,-0.2600034924925467,-0.1980282874114181,10.671147366406917,229,28.193882345576363,28.9703449986122,5.719077798683533,5.66889786702531,0.08194664689222597,Clean
0.11110782753833337,168.88744624333538,0.048424507209736,-0.21034338168183675,12.99614524359726,121,66.76728250498402,12.419500462286441,3.861776615699995,1.5840539481651787,0.017729172926269108,Clean
-0.12560266566666656,205.6293831726589,0.07979758559400552,-0.5686765793742152,14.34033330164545,110,73.69082665629041,13.393344001602497,3.1799863850441645,1.9043245223707828,0.023078498564296376,Clean
0.17827341403333322,243.39344526807812,0.1040572102391985,-0.5870467767582106,15.602090458596543,91,80.05776458321036,12.958468518162661,3.4830803737923763,1.6364229030788724,0.024327207991866537,Clean
0.0696561920183334,123.47037752618606,-0.23511858121535134,-0.11022557011234735,11.111940852581629,155,51.11330227044538,12.970413043117052,3.674932315297782,2.2045841690857397,0.019999271412598302,Clean
0.09468025848333347,138.90240727661248,-0.08515083627232799,-0.24973840241402856,11.786066843012511,154,50.00551463569884,18.443159892392543,3.423821666532245,1.8443010222441996,0.021377164957814637,Clean
0.06837307846666664,61.04661461477207,-0.00027185979655256837,1.8845470455525843,7.813532459306167,299,22.169393361523078,18.7731914047796,3.6284387388832973,2.9425070563095312,0.08173637967625054,Clean
-0.07964091592000007,51.954836466725375,-0.4045739113733681,2.2353327561493987,7.208410306178052,308,27.423688059194788,10.789305697007325,3.0923681044819435,3.038178906244424,0.06374156713218165,Clean
0.1012870213433333,56.51293235800485,0.0038156913383705906,1.9713334563888472,7.518190701139301,324,29.976453582244112,10.160867091232465,2.7314801014181653,3.6406429905452757,0.07413412204246596,Clean
-0.10638799520000006,60.00915484155631,0.8292167551297261,10.850687220203797,7.747288122115957,351,13.072593603498502,17.438312054740845,9.68674044292423,12.285371889075147,0.47182414635293185,Clean
0.08412431311000003,43.24907979930734,-0.0733557201201358,-0.08035819789435017,6.57694128751075,374,9.841050809495252,18.47350250222228,4.4005830574429865,5.009625432473836,0.12724245006989868,Clean
-0.005503321816666661,163.43427842686623,-0.1100696320932184,0.08484116143426501,12.784142861897987,250,52.60015266877481,50.092020533807855,9.359147045426367,11.219835796700668,0.4383494208098161,Clean
-0.2897413186,131.73908587867365,-0.15030666493881484,0.45353822317110826,11.481421336680302,258,45.95170548818439,40.12071470501577,6.8298853110363655,5.638663520456157,0.10310239964014327,Clean
0.1429782969750001,136.4706407658491,-0.15919833940357675,-0.17621599455105486,11.68293985087893,242,41.02484730714081,54.68165086201469,8.371213222560495,6.1992656547827885,0.09491170437704077,Clean
-0.055313149166666464,146.10130641766577,0.08894242801330952,0.16294594897829562,12.087363896323154,236,42.61460066902196,52.05450282101971,8.593596306256012,5.52849807429184,0.08072799600551962,Clean
-0.10236523535833313,124.56793331792235,-0.055073665386375946,-0.15874195085705356,11.161469973051592,230,40.77581826366758,43.273011377021696,6.3989421501982005,5.073496522576485,0.068592355379082,Clean
0.18265045491666657,67.40418584271667,0.043374862833227175,0.06034934011274684,8.212036716393683,198,30.644459645383154,11.43745918119541,2.6540236802927035,1.6861920605939278,0.003310094779958289,Clean
-0.17901085916666662,64.60922732176516,0.043428412082694476,0.017568022219887514,8.03997961499062,199,44.93595795479487,10.001500893110684,2.7514368805829497,1.650863214810476,0.003543233296426155,Clean
0.11278127122499995,71.47516467385914,0.20140699897402412,-0.14914162107056095,8.455050815281849,217,35.54249330963653,10.205875489067287,3.6544175213462315,1.9814978275177575,0.0035107762318811386,Clean
-0.13998936510833326,72.83560666574644,0.38479714454050584,0.6149259469689659,8.535525976065555,217,38.83523562369049,12.656783491908115,3.5406634705615407,1.7820228901492474,0.0024863698657998333,Clean
0.0398699279383334,71.61211414144022,0.26011116524951167,0.2154910176486995,8.462488035595324,199,36.5193336104118,11.853603862012065,2.858427401838914,1.9465915179155717,0.002387480101118511,Clean
-0.0017656903666666039,143.28517804409006,-0.0035519546029337576,-0.18713841879594995,11.970178827475909,174,41.30987253913041,16.680597965759723,7.6243370418818674,3.7999436709066168,0.043920101291476,Clean
-0.24764230640499987,138.61466966159435,0.07723883736055294,0.11481063243906675,11.776077291420771,188,40.40458402343455,16.304706510208693,7.323557122626619,3.479392520623194,0.0869331698594314,Clean
-0.06885267021000019,126.9568731674883,-0.28443607582828495,-0.21826758478141794,11.26772443120985,168,35.089377545777396,16.050805604557425,7.266307989037518,3.1465043063079343,0.046872599686217674,Clean
0.4463306282833333,101.67424918547195,-0.2783762120423012,0.09405596011263073,10.093238341345941,227,32.23196093061545,18.149859668611537,8.208122156288596,3.6823398455222596,0.046972665235570636,Clean
-0.13849375682666648,117.35215465908031,-0.09070246953220915,0.09114763280676419,10.833805203148167,213,33.425991458025514,17.926591007528483,9.05880240025262,3.505426432887632,0.0517034455587218,Clean
0.05091655238666664,100.09670821283048,0.15974848026825222,0.00542324894130175,10.004963803439642,262,39.204792275240614,12.158348444680403,8.088838722934039,6.953891569348832,0.11650765304968648,Clean
-0.027499424963333373,127.81928064715389,0.054896627815416835,-0.08773802276539389,11.305752379453885,243,37.306287878054576,14.077478485593021,5.962855532076416,6.895830558298189,0.13974126858270108,Clean
0.2864468052533333,134.02768392222015,-0.2538201043779498,0.7615433925673125,11.580575792872304,253,43.66687533073389,11.604167215094352,7.488633042590668,7.06603336545286,0.1410950467425942,Clean
-0.35312332036666655,103.37741207471018,0.16286192968167781,0.22321706341071845,10.173598584281619,300,38.19258510202835,13.423012530476386,6.525732511725199,6.438622938126126,0.16047113975669067,Clean
0.0025019333666666246,201.49693614780287,0.002781121299585542,0.058919293061240996,14.19496186706655,211,69.64239830122266,18.58676418740304,9.447539892152175,7.804793747485391,0.16037045795704682,Clean
